CBSA Code,CBSA_title,metro_micro_area,user_est,pop_est,inter_cbsa_connections,outer_county_inter_cbsa_connections,outer_cbsa_connections,total inter_cbsa connections,total connections,coverage est,rescaled total inter_cbsa connections,rescaled outer_cbsa_connections,rescaled total connections,normed pop_est
10180,"Abilene, TX",Metropolitan Statistical Area,89926,178904,28020161.70595482,6581010.43922108,63173473.820810735,34601172.145175904,97774645.96598664,0.502649465635201,0.18463836876593703,0.2898503269839932,0.24120939127026483,0.2351552285500752
10420,"Akron, OH",Metropolitan Statistical Area,371366,699833,150135254.5688685,24629197.456820242,241869218.3923961,174764452.02568874,416633670.41808486,0.5306494549413932,0.8833681685539073,1.051180122059124,0.9735983473189823,0.9198754027963868
10500,"Albany, GA",Metropolitan Statistical Area,77389,151074,40379501.972728394,23102743.019628983,83664329.15294142,63482244.99235737,147146574.14529878,0.512258892992838,0.33239856391132977,0.3766648442220956,0.35619993385117227,0.1985748837252049
10540,"Albany, OR",Metropolitan Statistical Area,68513,131011,15042976.821816001,,39498017.53040266,15042976.821816001,54540994.35221866,0.5229560876567616,0.07715515215880556,0.17418643725239102,0.1293275392678503,0.17220364915023645
10580,"Albany-Schenectady-Troy, NY",Metropolitan Statistical Area,481195,895503,146273067.86330467,118920125.58377928,271132201.8782775,265193193.44708395,536325395.32536143,0.5373460502086537,1.3237460610778715,1.1636739200280668,1.2376774729913664,1.1770682188898962
10740,"Albuquerque, NM",Metropolitan Statistical Area,469004,922905,145091944.79910126,54055893.922507584,239637244.1983902,199147838.72160885,438785082.919999,0.5081823156229515,1.051120287324074,1.0875244503737251,1.0706943049739002,1.213085991397661
10780,"Alexandria, LA",Metropolitan Statistical Area,77165,151244,48013091.418205984,8704473.4260159,65208129.346108116,56717564.84422188,121925694.19033,0.5102020576022851,0.29817535098810183,0.29475677548637036,0.29633722997109363,0.1987983353464851
10900,"Allentown-Bethlehem-Easton, PA-NJ",Metropolitan Statistical Area,453766,867198,121968403.21261787,64485080.495353654,266826905.34601718,186453483.7079715,453280389.0539887,0.5232553580612501,0.9557695423144627,1.1760348624719255,1.074203174713221,1.139863523946743
11020,"Altoona, PA",Metropolitan Statistical Area,64952,121369,31598929.09292392,,37064877.734677136,31598929.09292392,68663806.82760106,0.5351613674002422,0.15837403376208542,0.15972837675783244,0.15910224535883372,0.1595299989597442
11100,"Amarillo, TX",Metropolitan Statistical Area,136738,271776,45718863.34171315,32961475.44214437,96722178.01294133,78680338.78385752,175402516.79679886,0.5031275756505358,0.4194541242388672,0.44335560936173585,0.43230562397020295,0.35722816367674975
11180,"Ames, IA",Metropolitan Statistical Area,56764,99466,12132144.381174805,,47109868.621279895,12132144.381174805,59242013.0024547,0.5706874710956508,0.05702110125174925,0.19037846288294263,0.12872551996735215,0.13074022918974298
11260,"Anchorage, AK",Metropolitan Statistical Area,207858,400971,40622376.5193505,10327985.662625281,109446955.04467414,50950362.18197578,160397317.22664994,0.5183866164884743,0.2636269855045269,0.48691613261133776,0.38368648805434014,0.5270448237431931
11460,"Ann Arbor, MI",Metropolitan Statistical Area,201598,376078,50339642.35343175,,175463286.3637905,50339642.35343175,225802928.71722227,0.5360536909896352,0.25188262094483077,0.7548874923095289,0.5223414203028243,0.49432493428126356
11500,"Anniston-Oxford-Jacksonville, AL",Metropolitan Statistical Area,62038,115233,34710994.72801681,,59608910.82199634,34710994.72801681,94319905.55001315,0.5383700849583019,0.17293484475267387,0.255349215295682,0.21724791799674162,0.15146470985283064
11540,"Appleton, WI",Metropolitan Statistical Area,127231,246645,32600760.30955034,9711448.7989859,86414958.70104736,42312209.10853624,128727167.8095836,0.5158466622068154,0.22000950514106665,0.38634256868308536,0.3094445051184216,0.32419544194502803
11700,"Asheville, NC",Metropolitan Statistical Area,259855,478920,88438925.53890245,31328681.75580136,184428874.5897015,119767607.29470381,304196481.8844053,0.5425854004844233,0.5920626137914962,0.783907957991109,0.6952152160990565,0.629502649785371
12020,"Athens-Clarke County, GA",Metropolitan Statistical Area,121019,220023,30312792.49763679,19550061.553165354,114856640.96654534,49862854.05080214,164719495.01734748,0.550028860619117,0.24315769826092817,0.48158715414455594,0.3713579365506906,0.28920291805254883
12060,"Atlanta-Sandy Springs-Roswell, GA",Metropolitan Statistical Area,3161232,6268860,615525442.2354537,1170514744.5803587,2312035876.823193,1786040186.8158126,4098076063.6390057,0.504275418497143,9.4999166888874,10.573798536361716,10.077328184589726,8.239923121050532
12100,"Atlantic City-Hammonton, NJ",Metropolitan Statistical Area,141751,273176,59353878.64379401,,93490002.71974407,59353878.64379401,152843881.3635381,0.5188999033590066,0.3068046116020276,0.4155141746092982,0.36525624808401574,0.35906835349905725
12220,"Auburn-Opelika, AL",Metropolitan Statistical Area,100364,182595,46262160.93955711,,116768341.4727863,46262160.93955711,163030502.4123434,0.549653604972754,0.22575282990791315,0.48993706034562334,0.36780105615996833,0.24000675757445883
12260,"Augusta-Richmond County, GA-SC",Metropolitan Statistical Area,322516,622275,139272084.59758675,102048634.01292057,255489760.15919468,241320718.6105073,496810478.76970196,0.5182853240126953,1.2488839007893862,1.136864874326215,1.1886528113363488,0.8179315154831532
12420,"Austin-Round Rock, TX",Metropolitan Statistical Area,1237187,2446554,299829310.65395004,178936616.6607824,873904338.9330436,478765927.31473243,1352670266.247776,0.5056855479176017,2.5394464648101143,3.9855440603575394,3.316993247578084,3.2158026932326873
12540,"Bakersfield, CA",Metropolitan Statistical Area,414654,919600,133418361.32236013,,157519073.05286744,133418361.32236013,290937434.3752276,0.45090691605045674,0.7936427883733701,0.8056576067114907,0.8001029909026541,1.2087418289957137
12580,"Baltimore-Columbia-Towson, MD",Metropolitan Statistical Area,1466778,2861168,403108067.9060118,381500988.5370528,867236836.4745126,784609056.4430647,1651845892.9175773,0.5126500785693116,4.105146469185388,3.9014042192241454,3.9955970643187673,3.760780166794267
12620,"Bangor, ME",Metropolitan Statistical Area,84109,152177,33610059.79452083,,50269719.96269438,33610059.79452083,83879779.7572152,0.5527050736970764,0.16310685073314501,0.2097573924910638,0.1881902052521886,0.2000246904209229
12700,"Barnstable Town, MA",Metropolitan Statistical Area,126239,229221,35751529.43137421,,80190802.81504834,35751529.43137421,115942332.24642254,0.5507305177099829,0.1741212800886973,0.3358069495273145,0.26105744019211774,0.30129296518510923
12940,"Baton Rouge, LA",Metropolitan Statistical Area,442968,857121,223280775.25710356,151369649.77200097,336451577.5582263,374650425.02910453,711102002.5873308,0.5168091786340552,1.9444303000697045,1.501400692336114,1.7062193748701457,1.1266181004900337
12980,"Battle Creek, MI",Metropolitan Statistical Area,68731,133412,27984681.02994018,,47456091.54809171,27984681.02994018,75440772.5780319,0.5151785446586514,0.14569980210890063,0.21244106027154233,0.1815856584453146,0.17535957469549385
13020,"Bay City, MI",Metropolitan Statistical Area,54089,102768,18802345.37577329,,33083780.45171108,18802345.37577329,51886125.82748437,0.526321423011054,0.09582026043929742,0.14496673029921855,0.12224564116162603,0.13508044832778546
13140,"Beaumont-Port Arthur, TX",Metropolitan Statistical Area,204164,410907,98221172.74904539,36994974.77433038,136424164.78356436,135216147.52337575,271640312.3069401,0.4968618203145724,0.7299435926124339,0.6332277497187184,0.6779408144346349,0.5401049137963698
13220,"Beckley, WV",Metropolitan Statistical Area,60698,113173,27699072.019527636,5487175.168933535,41101868.14147645,33186247.18846117,74288115.32993762,0.5363293365025227,0.16596746455290998,0.17673976359629112,0.17175958155108859,0.1487570019714353
13380,"Bellingham, WA",Metropolitan Statistical Area,127836,231793,47868165.6267249,,73893720.7248297,47868165.6267249,121761886.3515546,0.5515093208164181,0.23280392442848608,0.30900032716617276,0.2737736819259065,0.3046736567729485
13460,"Bend-Redmond, OR",Metropolitan Statistical Area,110523,207819,24845995.683441117,,79742802.2017159,24845995.683441117,104588797.88515702,0.5318233655248077,0.12530989326175523,0.34580266817952465,0.2438658249559735,0.2731617204872338
13740,"Billings, MT",Metropolitan Statistical Area,95031,180467,36912257.02204378,2224751.566008988,63191892.16230293,39137008.588052765,102328900.75035569,0.5265838075659262,0.1993501174139927,0.2767566852061259,0.24097056401261926,0.23720966904455137
13780,"Binghamton, NY",Metropolitan Statistical Area,131760,243394,49414391.74235412,7802191.80240523,74472433.87908554,57216583.54475935,131689017.42384489,0.5413444867170103,0.2834944575646482,0.31726786818943326,0.3016539558276006,0.3199222582933696
13820,"Birmingham-Hoover, AL",Metropolitan Statistical Area,612303,1188146,393424971.43382484,144217217.45262986,442042837.0369873,537642188.8864547,979685025.923442,0.5153432322290358,2.798292652757566,1.978208399582414,2.3573446319473748,1.5617244118681395
13900,"Bismarck, ND",Metropolitan Statistical Area,72548,140692,23737711.92495261,10699200.575851325,50528972.04055064,34436912.50080393,84965884.54135457,0.5156512097347398,0.17912843633092146,0.22598971951943791,0.20432510361797024,0.18492856177149297
13980,"Blacksburg-Christiansburg-Radford, VA",Metropolitan Statistical Area,103124,181437,28613149.919193372,18821145.490943454,74896438.4670705,47434295.41013683,122330733.87720734,0.5683735952424257,0.2238488815332416,0.30390058318108765,0.2668915802162592,0.23848465770715016
14010,"Bloomington, IL",Metropolitan Statistical Area,98881,186102,33073433.694825154,1921464.68853366,76492072.59461635,34994898.383358814,111486970.97797516,0.5313269067500618,0.17666043520415947,0.33201589838587015,0.26019293048961023,0.24461643307933917
14020,"Bloomington, IN",Metropolitan Statistical Area,92780,161901,27497888.52149773,3603555.94782645,72877938.26881406,31101444.46932418,103979382.73813823,0.5730662565394902,0.14557007021499901,0.29328881575067234,0.22499640748257688,0.2128061231581503
14100,"Bloomsburg-Berwick, PA",Metropolitan Statistical Area,44941,82244,13073157.43899258,2381028.0963064,32332160.68302692,15454185.53529898,47786346.2183259,0.5464349982977481,0.07585845322625889,0.13645846512867907,0.10844224593534661,0.10810326553275715
14260,"Boise City, ID",Metropolitan Statistical Area,402718,809876,103963681.83101346,43095049.646288835,222163144.1735638,147058731.47730228,369221875.6508661,0.4972588396248315,0.7932401206308988,1.0303713205821003,0.9207423045662555,1.0645182660936632
14460,"Boston-Cambridge-Newton, MA-NH",Metropolitan Statistical Area,2563158,4995283,739637422.2003415,637745130.9458781,1337992202.6285846,1377382553.1462197,2715374755.774804,0.513115673326216,7.200052542475793,6.013711132296057,6.562173087043545,6.565906382961282
14500,"Boulder, CO",Metropolitan Statistical Area,178109,334776,34321578.316746645,,163064922.4540106,34321578.316746645,197386500.77075726,0.5320243984037087,0.17303424825666713,0.7068597617656044,0.4600648828876625,0.44003670568058834
14540,"Bowling Green, KY",Metropolitan Statistical Area,98755,184702,43295701.1478728,10610840.341544699,75887030.75406629,53906541.48941749,129793572.24348378,0.5346720663555349,0.2704271821881199,0.32732888132493604,0.3010224430018368,0.24277624325703165
14740,"Bremerton-Silverdale, WA",Metropolitan Statistical Area,150767,279622,39166921.01254564,,98514464.80358604,39166921.01254564,137681385.81613168,0.5391814664082225,0.19484122225854636,0.4213755261523187,0.3166456009682043,0.3675411132094818
14860,"Bridgeport-Stamford-Norwalk, CT",Metropolitan Statistical Area,465216,965260,150916071.36764926,,307158138.6217215,150916071.36764926,458074209.98937076,0.4819592648612809,0.839888290618605,1.4697922560508894,1.1785789870713927,1.268758305628972
15180,"Brownsville-Harlingen, TX",Metropolitan Statistical Area,187946,424108,74444581.95736277,,70485202.7979848,74444581.95736277,144929784.75534755,0.44315598856894944,0.4505809658642909,0.3668137376207535,0.4055404796462797,0.5574565893994281
15260,"Brunswick, GA",Metropolitan Statistical Area,59582,113671,24408234.125566833,5033243.99107113,52873437.65669799,29441478.116637964,82314915.77333595,0.524161835472548,0.15065743953315094,0.23263572699967947,0.19473603690630908,0.1494115837796561
15380,"Buffalo-Cheektowaga-Niagara Falls, NY",Metropolitan Statistical Area,611684,1160602,417228126.9001531,64176169.56514996,271225595.67585534,481404296.46530306,752629892.1411583,0.5270402773732942,2.4499799181171915,1.1868371354242588,1.7708054212619677,1.5255199915355406
15500,"Burlington, NC",Metropolitan Statistical Area,93376,176119,39735374.54256,,82012878.539685,39735374.54256,121748253.08224499,0.5301869758515549,0.20102247912452206,0.35674447955530497,0.28475205644624635,0.23149456522498488
15540,"Burlington-South Burlington, VT",Metropolitan Statistical Area,125596,228621,42007890.18557387,11131828.62576616,83374426.01264773,53139718.81134003,136514144.82398775,0.5493633568219892,0.2594513486669709,0.3500075640156391,0.30814217985346887,0.30050431240412034
15680,"California-Lexington Park, MD",Metropolitan Statistical Area,58201,115234,21185775.2967432,,46671435.35028517,21185775.2967432,67857210.64702837,0.5050679486956975,0.11250994724059696,0.21311087354096217,0.16660168131800232,0.1514660242741323
15940,"Canton-Massillon, OH",Metropolitan Statistical Area,209770,399776,99473337.23324464,5935777.374052225,127137324.01682791,105409114.60729687,232546438.62412477,0.524718842551829,0.5388251694897259,0.5587926271647695,0.5495613967838514,0.5254740902877234
15980,"Cape Coral-Fort Myers, FL",Metropolitan Statistical Area,419949,791753,103951189.31856692,,257361491.43214488,103951189.31856692,361312680.7507118,0.5304040527790864,0.5256770261953504,1.1190280990330794,0.8447137351681296,1.0406970088438923
16020,"Cape Girardeau, MO-IL",Metropolitan Statistical Area,52235,97963,22671596.86051892,3427160.2608097917,44248259.44075771,26098757.12132871,70347016.56208642,0.5332115186345865,0.1312854725830636,0.1913819301495986,0.1635985110532798,0.1287646539733657
16060,"Carbondale-Marion, IL",Metropolitan Statistical Area,64464,118417,22898188.45476544,5345351.407769958,52351736.514447466,28243539.862535395,80595276.37698287,0.5443812966043727,0.13915932081232862,0.2217849934127169,0.18358600826570984,0.15564982727727864
16180,"Carson City, NV",Metropolitan Statistical Area,31449,59294,4536044.350805616,,18938188.002857804,4536044.350805616,23474232.353663422,0.5303909333153439,0.022939163103537764,0.0823467745890129,0.05488181851261097,0.07793729665993024
16220,"Casper, WY",Metropolitan Statistical Area,42256,81031,14980364.97250824,,26009804.052482657,14980364.97250824,40990169.0249909,0.521479433796942,0.07705158515246459,0.11502815557551227,0.09747106461493049,0.10650887249385785
16300,"Cedar Rapids, IA",Metropolitan Statistical Area,145891,279141,53871858.079989314,10633086.327771625,94196958.73158534,64504944.40776094,158701903.13934627,0.5226426787895723,0.33104307146302225,0.41565812207761665,0.3765394201062277,0.366908876563389
16540,"Chambersburg-Waynesboro, PA",Metropolitan Statistical Area,81142,156927,31241178.340199232,,51602430.184246674,31241178.340199232,82843608.5244459,0.5170684458378737,0.16205996432758787,0.23015816176898954,0.1986754282464084,0.206268191603752
16580,"Champaign-Urbana, IL",Metropolitan Statistical Area,129875,236544,48897161.360799596,5331573.602526368,102795582.70368026,54228734.96332596,157024317.66700622,0.5490521847943723,0.2649184577193283,0.43178255286035455,0.3546389860819235,0.31091847237707926
16620,"Charleston, WV",Metropolitan Statistical Area,111023,207089,56071779.34575908,4959222.662308,79926023.5589724,61031002.00806708,140957025.5670395,0.536112492696377,0.3053450904392578,0.34382427848622404,0.3260348204834574,0.2722021929370306
16700,"Charleston-North Charleston, SC",Metropolitan Statistical Area,437179,837579,157266612.77455494,123389964.3253623,368997056.6134554,280656577.09991723,649653633.7133727,0.5219555409101708,1.4422418072872223,1.6303980629744383,1.5434108374534607,1.100931679413224
16740,"Charlotte-Concord-Gastonia, NC-SC",Metropolitan Statistical Area,1402460,2745757,451404788.5272267,298618273.8073818,1001506636.5964495,750023062.3346086,1751529698.931058,0.5107735316708653,3.9386065816842675,4.521991155532503,4.2522844412622325,3.609081489949743
16820,"Charlottesville, VA",Metropolitan Statistical Area,130721,241724,29022009.78456708,29069690.28963687,111468019.81169073,58091700.07420395,169559719.8858947,0.5407861858979662,0.2881276027332519,0.47536692142153314,0.3888036084897148,0.3177271747196171
16860,"Chattanooga, TN-GA",Metropolitan Statistical Area,301819,570048,138981031.6697887,58435148.53124897,206172591.0048942,197416180.20103765,403588771.20593184,0.529462431233861,1.000101235073194,0.8980490138481596,0.9452291596806528,0.7492832341619711
16940,"Cheyenne, WY",Metropolitan Statistical Area,54064,102618,15641956.29896885,,37328309.30849315,15641956.29896885,52970265.607462004,0.5268471418269699,0.07963478438710321,0.16340222007809443,0.12467538214675629,0.13488328513253822
16980,"Chicago-Naperville-Elgin, IL-IN-WI",Metropolitan Statistical Area,4740136,9600594,2126899153.4525743,1081284230.0029953,2125949832.9001226,3208183383.4555693,5334133216.355692,0.49373361689912104,17.428614167931972,9.930350441589118,13.396900917930616,12.6192252620762
17020,"Chico, CA",Metropolitan Statistical Area,114314,214675,33859122.485188276,,61112174.30079167,33859122.485188276,94971296.78597996,0.5324979620356353,0.1705509398975813,0.2646756856096082,0.22116052076721468,0.2821733929313341
17140,"Cincinnati, OH-KY-IN",Metropolitan Statistical Area,1153625,2251970,459261213.57133996,354913212.82752174,563139252.4886647,814174426.3988616,1377313678.8875265,0.5122736981398509,4.262965002121527,2.5352337210367772,3.3339876611513386,2.960037338672768
17300,"Clarksville, TN-KY",Metropolitan Statistical Area,160897,319302,49694597.868643045,9441442.683541317,150489823.95394868,59136040.55218436,209625864.50613302,0.5039022618085699,0.3147765013035143,0.6887555119941451,0.5158598704209147,0.41969735045888357
17420,"Cleveland, TN",Metropolitan Statistical Area,68861,128284,26380131.16637619,3595813.9133996,51063357.301241055,29975945.079775788,81039302.38101685,0.5367855695176328,0.14978503351581357,0.21938796221378193,0.18720957073029293,0.16861922226064172
17460,"Cleveland-Elyria, OH",Metropolitan Statistical Area,1082270,2083095,523575857.5616695,172639389.8722236,546353432.3424639,696215247.4338931,1242568679.776357,0.5195490364097652,3.59429199181536,2.425221407611182,2.9656988219107228,2.7380644413569226
17660,"Coeur d'Alene, ID",Metropolitan Statistical Area,94860,181664,26942918.911379103,,64238959.831478044,26942918.911379103,91181878.74285714,0.522172802536551,0.1383970282980706,0.2837190607325036,0.2165346859033455,0.23878303134262432
17780,"College Station-Bryan, TX",Metropolitan Statistical Area,150583,276205,48948496.00545044,8524184.159741491,122867927.31234084,57472680.16519193,180340607.47753277,0.5451856410999076,0.28275702915244927,0.5197546508217741,0.4101873898833137,0.36304973562174975
17820,"Colorado Springs, CO",Metropolitan Statistical Area,398260,780372,102817783.8274277,2776442.771886144,298050992.6058085,105594226.59931384,403645219.20512235,0.510346347639331,0.5549725866060441,1.3468828483868598,0.9807718398407617,1.0257375800098336
17860,"Columbia, MO",Metropolitan Statistical Area,103684,187987,38404548.27489344,,92841571.61551614,38404548.27489344,131246119.89040959,0.5515487773090693,0.18676483292477852,0.38820651396966777,0.2950772535346284,0.24709411723294608
17900,"Columbia, SC",Metropolitan Statistical Area,445063,846685,196293763.66432744,103340363.98602858,397646837.70288765,299634127.65035605,697280965.3532437,0.5256535783673976,1.5289314721823173,1.7446253109007182,1.6449070819024052,1.1129007997860327
17980,"Columbus, GA-AL",Metropolitan Statistical Area,163100,322620,54921792.66125582,31343306.377390057,147422441.5666213,86265099.03864588,233687540.60526717,0.5055483231045812,0.4576872557651986,0.6725199723355592,0.573199851952977,0.42405860033775244
18020,"Columbus, IN",Metropolitan Statistical Area,42916,83037,14230041.276837539,,27532298.18250045,14230041.276837539,41762339.459337994,0.5168298469357033,0.07385075545223879,0.12285678302841216,0.10020062229069894,0.1091456016249642
18140,"Columbus, OH",Metropolitan Statistical Area,1120321,2187034,413946062.44495535,200751357.35989553,626807882.2387015,614697419.8048508,1241505302.0435524,0.5122558679929073,3.218628235274347,2.8219659431953272,3.0053483778144803,2.874684077028938
18580,"Corpus Christi, TX",Metropolitan Statistical Area,225428,449051,72402353.93767339,15311961.195246145,122222373.69253336,87714315.13291954,209936688.8254529,0.5020097939877654,0.4686565113271567,0.561490981130408,0.518572328591318,0.59024219992644
18700,"Corvallis, OR",Metropolitan Statistical Area,55491,96647,9011758.5654294,,39830468.602954954,9011758.5654294,48842227.16838436,0.5741616397818866,0.04209899642965349,0.15998729786668134,0.10548591429092143,0.12703487554039664
18880,"Crestview-Fort Walton Beach-Destin, FL",Metropolitan Statistical Area,159022,297456,37597213.12503302,8455626.30938935,130124397.38287841,46052839.434422374,176177236.8173008,0.534606798988758,0.23105655997695188,0.5613432627554991,0.40864717621698693,0.39098250270307633
19060,"Cumberland, MD-WV",Metropolitan Statistical Area,51215,93312,25081673.465654347,6934452.732061008,29596533.955622382,32016126.197715357,61612660.15333774,0.5488575960219478,0.15646077341576897,0.12436135228539931,0.13920135627443495,0.12265128049939977
19100,"Dallas-Fort Worth-Arlington, TX",Metropolitan Statistical Area,3929845,8034922,1026819041.3928763,909898974.2662635,2159858335.8001366,1936718015.6591396,4096576351.459276,0.489095600430222,10.621087944266934,10.184407585861214,10.386290923082619,10.56127263388201
19140,"Dalton, GA",Metropolitan Statistical Area,70725,142227,22750991.526455387,7653748.481335135,38635077.05082806,30404740.00779052,69039817.05861858,0.4972684511379696,0.1640010981773479,0.17918231247053132,0.17216382825069912,0.186946198469523
19180,"Danville, IL",Metropolitan Statistical Area,37478,72344,19132417.915537696,,25552486.409949813,19132417.915537696,44684904.32548751,0.5180526373990932,0.09905863480061955,0.11375317781878264,0.10695968842466144,0.09509049464643965
19300,"Daphne-Fairhope-Foley, AL",Metropolitan Statistical Area,129723,242880,53035163.9989417,,115408457.64545055,53035163.9989417,168443621.64439225,0.5341032608695652,0.26633917816132435,0.49832958189736026,0.3910772266951181,0.31924664574432243
19340,"Davenport-Moline-Rock Island, IA-IL",Metropolitan Statistical Area,198219,383528,67686283.9597598,38362765.96421345,112900012.36197913,106049049.92397326,218949062.2859524,0.5168305834254605,0.5503702441266606,0.5037905831559867,0.5253250012317923,0.5041173729785429
19380,"Dayton, OH",Metropolitan Statistical Area,425278,814233,181661247.0680349,51734565.57263618,258663659.02332923,233395812.64067107,492059471.6640003,0.5223050404491097,1.1985749913886445,1.1421297939578623,1.1682251852620438,1.0702451997049445
19460,"Decatur, AL",Metropolitan Statistical Area,82538,156957,41788721.55235647,11122622.70690816,68125600.27339864,52911344.259264626,121036944.53266326,0.5258637716062361,0.2698807522516742,0.2987730021955821,0.2854157175679739,0.20630762424280147
19500,"Decatur, IL",Metropolitan Statistical Area,53503,102135,31715045.15639654,,40600485.65705045,31715045.15639654,72315530.813447,0.5238458902433054,0.1623895811635916,0.17874419592388774,0.17118323252532003,0.13424841964384213
19660,"Deltona-Daytona Beach-Ormond Beach, FL",Metropolitan Statistical Area,368770,685321,87034308.0831081,11160809.881691247,244623296.3750324,98195117.96479934,342818414.3398317,0.5380982050747022,0.489468470340743,1.0484326370200323,0.7900158129421484,0.9008005208668676
19740,"Denver-Aurora-Lakewood, CO",Metropolitan Statistical Area,1547924,3058781,243810791.88297284,389739644.7243676,1024353170.2568415,633550436.6073405,1657903606.864182,0.50605911309113,3.357966144283184,4.668235177146073,4.062479777526153,4.020526903476879
19780,"Des Moines-West Des Moines, IA",Metropolitan Statistical Area,348567,696042,112440138.16501144,52699585.269140825,215762306.23941565,165139723.43415225,380902029.6735679,0.5007844354220004,0.8844984969027324,0.9936398811877808,0.9431823177450989,0.9148924316418383
19820,"Detroit-Warren-Dearborn, MI",Metropolitan Statistical Area,2250138,4394429,998384386.510498,600938365.237176,962599973.615136,1599322751.747674,2561922725.36281,0.512043316662984,8.377718859828624,4.335542067375944,6.204296007852199,5.776131086180736
20020,"Dothan, AL",Metropolitan Statistical Area,80267,152153,39335958.43050001,11884832.44631093,74606305.25554378,51220790.87681094,125827096.13235472,0.5275413563978364,0.2604270772561796,0.3261544304028911,0.2957677708140949,0.19999314430968335
20100,"Dover, DE",Metropolitan Statistical Area,98723,187004,34929737.51809175,,82939016.40082335,34929737.51809175,117868753.91891511,0.5279191888943552,0.1774697112424795,0.36232282477085054,0.276862687312132,0.24580204109342588
20220,"Dubuque, IA",Metropolitan Statistical Area,52146,100279,22186666.532757513,,35704933.1665627,22186666.532757513,57891599.69932021,0.5200091744034144,0.11443988658648355,0.1583512440535267,0.13805041939602652,0.131808853707983
20260,"Duluth, MN-WI",Metropolitan Statistical Area,151550,279638,54923325.466543145,16984822.98775252,83606029.4716525,71908148.45429567,155514177.92594814,0.5419506647880474,0.35588912852212795,0.3557804716838213,0.35583070523499205,0.3675621439503081
20500,"Durham-Chapel Hill, NC",Metropolitan Statistical Area,321381,609002,80427712.46369456,27943842.934524238,302273843.97939986,108371555.3982188,410645399.3776187,0.5277174787603325,0.5508206284473296,1.3210016226761987,0.9649363534548083,0.8004852015463763
20700,"East Stroudsburg, PA",Metropolitan Statistical Area,89878,167117,18850488.721086416,,66589095.51725367,18850488.721086416,85439584.23834008,0.5378148243446208,0.09401263254386838,0.28554503160055594,0.19699696855334925,0.2196621446675475
20740,"Eau Claire, WI",Metropolitan Statistical Area,94101,174181,26983177.715941273,11263720.451326953,60858168.66338083,38246898.167268224,99105066.83064905,0.5402483623357313,0.18988870342633019,0.25979433781585787,0.2274760013267564,0.2289472167423906
20940,"El Centro, CA",Metropolitan Statistical Area,83072,179827,26520335.24738048,,23918585.355101183,26520335.24738048,50438920.60248166,0.4619551012917971,0.1539840049993355,0.11940980353979436,0.13539393252123197,0.23636843941149652
21060,"Elizabethtown-Fort Knox, KY",Metropolitan Statistical Area,81786,157011,23726323.48720815,6325834.808163832,59357754.66144039,30052158.295371983,89409912.95681237,0.5208934405869653,0.15474732407762934,0.2628045239233713,0.21284819386240095,0.20637860299309047
21140,"Elkhart-Goshen, IN",Metropolitan Statistical Area,103068,208666,37177463.98115367,,67171543.83793929,37177463.98115367,104349007.81909296,0.4939376803120777,0.20188496289787483,0.3136298809794728,0.26196866804512353,0.27427503532972985
21300,"Elmira, NY",Metropolitan Statistical Area,42297,82617,15701750.895470232,,27607441.74052538,15701750.895470232,43309192.63599561,0.5119648498493046,0.08226295525499325,0.12436273968824617,0.10489943016657008,0.10859354467827194
21340,"El Paso, TX",Metropolitan Statistical Area,411271,882924,148407679.2659004,598996.288528464,162079951.6862937,149006675.55442888,311086627.24072254,0.4658056639076523,0.8580198378538073,0.8024699799523545,0.8281514434746976,1.160534113336463
21500,"Erie, PA",Metropolitan Statistical Area,139334,268060,78549497.63166532,,72537736.37678503,78549497.63166532,151087234.00845033,0.5197866149369544,0.40533554389734916,0.3218423332588958,0.360442393175857,0.3523437741198249
21660,"Eugene, OR",Metropolitan Statistical Area,213724,387208,67922791.130124,,115856020.44685167,67922791.130124,183778811.57697567,0.5519617363277618,0.3300676190735969,0.48407638385054325,0.41287601315370204,0.5089544433686084
21780,"Evansville, IN-KY",Metropolitan Statistical Area,164728,314179,67120336.71901855,33548317.666949857,93811384.28546982,100668654.3859684,194480038.67143822,0.5243125734056063,0.5149918541235635,0.41263829752822917,0.4599577548479648,0.4129635701305397
21820,"Fairbanks, AK",Metropolitan Statistical Area,49972,94863,12326950.251261672,,37190421.6731619,12326950.251261672,49517371.924423575,0.5267807258889134,0.06276566514515168,0.16281915149180645,0.11656304829072726,0.12468994793825618
22020,"Fargo, ND-MN",Metropolitan Statistical Area,134176,256895,34766819.684088275,14909814.744396,98169523.93369001,49676634.428484276,147846158.36217427,0.5222989937523113,0.2551110935604673,0.43347270589100834,0.3510136787413939,0.33766826028692243
22140,"Farmington, NM",Metropolitan Statistical Area,59355,119963,18581813.81817498,,32498274.059420265,18581813.81817498,51080087.877595246,0.4947775564132274,0.10073362936770652,0.1514797453742125,0.12801911781628675,0.1576819226096268
22180,"Fayetteville, NC",Metropolitan Statistical Area,200726,389972,61114829.981138244,9077826.458077054,206459879.26852164,70192656.4392153,276652535.70773697,0.5147190054670592,0.3657782205556278,0.9250596237982951,0.666496136892852,0.5125875038463641
22220,"Fayetteville-Springdale-Rogers, AR-MO",Metropolitan Statistical Area,303431,597575,86190736.74006441,40715064.121989906,194030599.94485876,126905800.86205432,320936400.8069131,0.5077705727314563,0.6703634302373324,0.8812658870755979,0.7837627798368152,0.7854653093324419
22380,"Flagstaff, AZ",Metropolitan Statistical Area,79999,147911,16727327.906907486,,57066857.77272103,16727327.906907486,73794185.67962852,0.5408590300924204,0.08295429067872574,0.24333475123232096,0.16918865792078347,0.19441736914809155
22420,"Flint, MI",Metropolitan Statistical Area,206080,400719,124851275.40162817,,137170273.46938497,124851275.40162817,262021548.87101313,0.5142755896276443,0.6511685861807496,0.6151320488987108,0.6317922358486405,0.5267135895751777
22500,"Florence, SC",Metropolitan Statistical Area,104342,199449,70628850.2118932,21314121.26006016,108983067.46591073,91942971.47195336,200926038.9378641,0.5231512817813075,0.4713978640627282,0.48043650039847174,0.4762578144734794,0.2621600141924381
22520,"Florence-Muscle Shoals, AL",Metropolitan Statistical Area,81283,151076,51951940.30753234,21097969.47676746,69947301.62868522,73049909.7842998,142997211.41298503,0.5380272180889089,0.3641764062990674,0.29982716595633585,0.32957670503677944,0.1985775125678082
22540,"Fond du Lac, WI",Metropolitan Statistical Area,55140,104355,17215771.87976184,,35104673.78696784,17215771.87976184,52320445.666729674,0.5283886732787121,0.08739153520101049,0.15322008656048663,0.12278664164571802,0.1371664349335012
22660,"Fort Collins, CO",Metropolitan Statistical Area,201035,372107,45864330.45667922,,161117359.30246305,45864330.45667922,206981689.75914228,0.5402612689360856,0.22770239167903547,0.6877692614788737,0.47507401830536805,0.48910536729241844
22900,"Fort Smith, AR-OK",Metropolitan Statistical Area,140545,274074,45289060.210065514,22505755.775084253,76021727.44477956,67794815.98514977,143816543.42992932,0.5127994629187738,0.35460535789628345,0.34189632548116533,0.34777188600828945,0.3602487038279374
23060,"Fort Wayne, IN",Metropolitan Statistical Area,227740,453798,104567443.52594566,10748610.428198256,130642743.04515423,115316053.95414391,245958796.99929816,0.5018532474801564,0.6163244580912928,0.6003614705888685,0.6077413793183993,0.5964817578453642
23420,"Fresno, CA",Metropolitan Statistical Area,475760,1019104,158349489.93494007,,180749674.69366065,158349489.93494007,339099164.6286007,0.46684146073413507,0.9097951517274193,0.8929196206822102,0.90072141084568,1.3395320061949192
23460,"Gadsden, AL",Metropolitan Statistical Area,54555,102879,35006823.90450507,,47948031.17446764,35006823.90450507,82954855.0789727,0.5302831481643484,0.17706847732907294,0.20852936182851042,0.19398456210847675,0.1352263490922684
23540,"Gainesville, FL",Metropolitan Statistical Area,168073,301865,61375807.291955866,2589847.1539657917,145539358.5705521,63965654.44592166,209505013.01647377,0.5567820052010004,0.3081470578636781,0.6028364821379328,0.46659750717339593,0.3967777862220434
23580,"Gainesville, GA",Metropolitan Statistical Area,103672,208743,26153712.124540273,,82596423.9394625,26153712.124540273,108750136.06400277,0.4966489894271904,0.1412472989618935,0.3835446680118572,0.2715272609492615,0.2743762457699568
23900,"Gettysburg, PA",Metropolitan Statistical Area,56178,104063,14493271.11838452,,40767541.06426191,14493271.11838452,55260812.18264643,0.5398460547937307,0.07201000700666838,0.17416017261717515,0.12693474574783037,0.13678262391341992
24020,"Glens Falls, NY",Metropolitan Statistical Area,67351,125248,17216477.664623585,6158085.423197797,42395866.85119528,23374563.08782138,65770429.93901666,0.5377411216147164,0.11659142808528927,0.18182539172246842,0.15166683289162272,0.1646286391888377
24140,"Goldsboro, NC",Metropolitan Statistical Area,61151,116148,27702042.125791598,,55066879.60305258,27702042.125791598,82768921.72884418,0.5264920618521197,0.14112902022127716,0.2412142169445805,0.19494345360012844,0.1526674053438388
24220,"Grand Forks, ND-MN",Metropolitan Statistical Area,57187,104458,15577896.939417232,4222980.258705828,41991445.58287377,19800877.19812306,61792322.78099683,0.5474640525378621,0.09701194036070314,0.17689252407003062,0.13996263128229533,0.13730182032757096
24260,"Grand Island, NE",Metropolitan Statistical Area,43807,87020,11773476.29467437,3948627.21629654,26317733.74761342,15722103.510970911,42039837.25858433,0.5034130085037922,0.08376885631315491,0.12056696152796248,0.10355469124561645,0.1143809416694291
24300,"Grand Junction, CO",Metropolitan Statistical Area,82367,157309,27634836.332510617,,50144882.39040292,27634836.332510617,77779718.72291353,0.5236000483125568,0.1415642484009043,0.2208671870904608,0.1842043475421853,0.20677030054098164
24340,"Grand Rapids-Wyoming, MI",Metropolitan Statistical Area,562611,1099381,214818313.1336115,65595030.65796168,319149455.3171064,280413343.79157317,599562799.1086795,0.5117525225558747,1.4697215182888304,1.4382632263813528,1.4528068275104562,1.4450498050273344
24420,"Grants Pass, OR",Metropolitan Statistical Area,47099,88838,9957533.137958953,,25699431.982234076,9957533.137958953,35656965.12019303,0.5301672707625116,0.05037733803963346,0.11179306724492025,0.08339973072042782,0.11677055959582558
24500,"Great Falls, MT",Metropolitan Statistical Area,45020,85178,14993794.4283634,,30737095.04896018,14993794.4283634,45730889.47732358,0.5285402333935992,0.07609040026886754,0.1341186054362114,0.10729136787754938,0.11195977763179306
24540,"Greeley, CO",Metropolitan Statistical Area,172664,348987,40903837.52146249,,129415783.38497162,40903837.52146249,170319620.90643412,0.49475768438365897,0.22175216828642305,0.6032522610771147,0.4268795197794545,0.45871594679831135
24580,"Green Bay, WI",Metropolitan Statistical Area,173539,332412,61399707.124313325,13450774.612441728,99423303.74129955,74850481.73675506,174273785.4780546,0.5220599737674934,0.3845657221320046,0.43920983254323365,0.4139471085462353,0.4369294137234919
24660,"Greensboro-High Point, NC",Metropolitan Statistical Area,414583,785407,169919317.78545108,37434428.06632652,340356321.0377138,207353745.8517776,547710066.8894914,0.5278575311908348,1.0536382582760737,1.487035578473841,1.2866700349816191,1.0323556912636325
24780,"Greenville, NC",Metropolitan Statistical Area,92314,171462,43789382.77883177,,102054579.11519033,43789382.77883177,145843961.8940221,0.5383933466307403,0.21815516920822575,0.4371566333477937,0.33590924361337304,0.22537330522320906
24860,"Greenville-Anderson-Mauldin, SC",Metropolitan Statistical Area,503945,955897,236935868.5977293,101942593.20012723,367439120.6898169,338878461.7978565,706317582.4876734,0.5271959217363377,1.7241231919499254,1.607376490894187,1.6613500969083699,1.2564513789816394
25060,"Gulfport-Biloxi-Pascagoula, MS",Metropolitan Statistical Area,208706,402719,90536684.70333673,31966156.65460677,169276809.6363711,122502841.3579435,291779650.9943146,0.5182422483170648,0.6340298659698073,0.7533016375588737,0.6981606566990513,0.5293424321784741
25180,"Hagerstown-Martinsburg, MD-WV",Metropolitan Statistical Area,146267,282059,46717756.79998762,9230945.29530096,102920661.26338238,55948702.09528858,158869363.35867095,0.5185688100716517,0.2893876497748323,0.4577205771203799,0.3798979490066745,0.3707443579215985
25220,"Hammond, LA",Metropolitan Statistical Area,71408,135550,51309464.01282609,,80212437.31178287,51309464.01282609,131521901.32460895,0.526801918111398,0.2612441048255156,0.35115481382685904,0.30958785612946343,0.17816980743841776
25260,"Hanford-Corcoran, CA",Metropolitan Statistical Area,65391,152701,16080532.698910289,,36207394.339663014,16080532.698910289,52287927.0385733,0.42822902273069596,0.10072115617632808,0.19499587994010673,0.15141137818109954,0.2007134471829866
25420,"Harrisburg-Carlisle, PA",Metropolitan Statistical Area,315954,598396,109141242.09100196,37406882.45671447,209448644.62350002,146548124.54771644,355996769.1712165,0.5280015240743587,0.7444601533678958,0.914843147128468,0.8360727451077757,0.7865444492210951
25500,"Harrisonburg, VA",Metropolitan Statistical Area,75447,136834,18885547.96515125,9502273.854185728,53685787.86605941,28387821.81933698,82073609.68539639,0.5513761199701829,0.13809580511040942,0.22455133381855585,0.1845817535045602,0.1798575243897341
25540,"Hartford-West Hartford-East Hartford, CT",Metropolitan Statistical Area,633194,1211848,228391298.0191278,55743108.83536334,359410479.55069387,284134406.8544911,643544886.405185,0.5225028221361094,1.4585843697737246,1.5863768240889222,1.5272966143834596,1.5928788255598059
25620,"Hattiesburg, MS",Metropolitan Statistical Area,81611,155407,30791133.66471589,18020819.845397662,95647868.85563955,48811953.51011355,144459822.3657531,0.5251436550477134,0.24931271894552604,0.4200504326452863,0.34111603871672863,0.2042702712252467
25860,"Hickory-Lenoir-Morganton, NC",Metropolitan Statistical Area,196103,364849,72041476.25226142,36974698.6772929,116926914.08681192,109016174.92955431,225943089.01636624,0.5374908523800257,0.5440217098569606,0.5017041248953088,0.5212681265976048,0.4795652974850556
25940,"Hilton Head Island-Bluffton-Beaufort, SC",Metropolitan Statistical Area,118230,222308,34881133.913488925,5618414.047848157,95371852.04760085,40499547.96133708,135871400.00893793,0.5318297137305,0.20425558786145226,0.4135727154248771,0.3168025277196592,0.29220637072681505
25980,"Hinesville, GA",Metropolitan Statistical Area,42367,81770,6659610.14679192,2134119.47224392,51329133.00635149,8793729.61903584,60122862.62538733,0.5181240063593004,0.045523512281848075,0.2284727845335687,0.14389281908870782,0.10748022983577589
26140,"Homosassa Springs, FL",Metropolitan Statistical Area,82645,155990,15297876.21500922,,48413638.157333486,15297876.21500922,63711514.372342706,0.5298096031796911,0.077447550260273,0.21074251327537155,0.14911841809843646,0.20503657884410761
26300,"Hot Springs, AR",Metropolitan Statistical Area,54105,100789,19324509.63522312,,42683982.72502636,19324509.63522312,62008492.36024948,0.5368145333320105,0.09655629344822937,0.18337702867047528,0.1432386083607661,0.1324792085718236
26380,"Houma-Thibodaux, LA",Metropolitan Statistical Area,105930,204617,69947246.16106464,25116647.41963365,77981618.77714133,95063893.58069828,173045512.3578396,0.5176989204220568,0.49253228945712246,0.3473915480244789,0.41449210952944004,0.26895294347935617
26420,"Houston-The Woodlands-Sugar Land, TX",Metropolitan Statistical Area,3593366,7421501,1177967218.162437,624715609.8282721,1709982587.7138436,1802682827.990709,3512665415.7045527,0.4841831861236696,9.986331682452011,8.144909164068457,8.996224127267524,9.754979004603651
26580,"Huntington-Ashland, WV-KY-OH",Metropolitan Statistical Area,186112,350242,69427830.54716,50178981.24667184,118089836.61554855,119606811.79383184,237696648.40938038,0.5313811593127038,0.6037346901121006,0.5125197796990716,0.5546896876513427,0.46036554553187986
26620,"Huntsville, AL",Metropolitan Statistical Area,267164,509411,134096013.17240982,26209663.2652928,228466546.3314483,160305676.43770263,388772222.7691509,0.5244566764361194,0.8198523601816796,1.0046557153528404,0.9192185818671994,0.6695806696939273
26820,"Idaho Falls, ID",Metropolitan Statistical Area,77409,164358,23648977.0453631,6052777.85643678,53534599.82213229,29701754.90179988,83236354.72393218,0.47097798707699046,0.16915228521955172,0.26214296812252424,0.21915209611836708,0.21603565629630003
26900,"Indianapolis-Carmel-Anderson, IN",Metropolitan Statistical Area,1091645,2162147,349330708.9408729,251193922.79919857,603145033.186281,600524631.7400715,1203669664.9263525,0.5048893530365882,3.1902960173167716,2.755052025534284,2.956271310705285,2.8419720740948184
26980,"Iowa City, IA",Metropolitan Statistical Area,99130,179813,26906165.081728637,2999220.225130206,86543882.05093302,29905385.306858845,116449267.35779187,0.5512949564269547,0.1454995840109694,0.36204004810735896,0.2619304125495465,0.23635003751327344
27060,"Ithaca, NY",Metropolitan Statistical Area,60808,105410,16683299.413391158,,50537166.509098016,16683299.413391158,67220465.92248917,0.5768712645859027,0.07757100293160336,0.20203948058013335,0.14449599101652238,0.13855314940674007
27100,"Jackson, MI",Metropolitan Statistical Area,79757,159645,32263820.025087893,,48387281.821273185,32263820.025087893,80651101.84636107,0.499589714679445,0.17322025209991307,0.22336853632012774,0.20018429462153892,0.20984078870163192
27140,"Jackson, MS",Metropolitan Statistical Area,285739,576289,153921458.19162565,103099941.19481157,261574925.19182333,257021399.38643724,518596324.57826054,0.4958258790294453,1.390389444275337,1.2166654636914487,1.2969804498834243,0.7574865375055576
27180,"Jackson, TN",Metropolitan Statistical Area,67945,129927,35685688.18342856,6721803.349532112,76600022.37232745,42407491.532960676,119007513.90528813,0.5229475012891854,0.2175108174058907,0.3378119941367958,0.2821951051180948,0.17077881645924978
27260,"Jacksonville, FL",Metropolitan Statistical Area,868644,1668325,289270167.6805202,104350988.24895702,557580693.6800587,393621155.9294772,951201849.6095359,0.5206683350066683,2.0277463794242667,2.4697376503718393,2.265399005218665,2.1928819180722856
27340,"Jacksonville, NC",Metropolitan Statistical Area,114149,210531,26067095.926469274,,115110184.24486011,26067095.926469274,141177280.17132938,0.5421956861459832,0.12895344858228586,0.48962315967115655,0.322880590403474,0.2767264310573038
27500,"Janesville-Beloit, WI",Metropolitan Statistical Area,85186,164038,32065227.316936262,,54376611.408371106,32065227.316936262,86441838.72530738,0.5193065021519404,0.16561776949521306,0.24148637974595508,0.20641127748193377,0.2156150414797726
27620,"Jefferson City, MO",Metropolitan Statistical Area,79031,150384,27599451.805769198,12864951.82083504,54256881.0387434,40464403.62660424,94721284.66534764,0.5255279817001809,0.2065254930927043,0.23810210821299066,0.223503804634801,0.19766793302706764
27740,"Johnson City, TN",Metropolitan Statistical Area,114199,208633,39259615.439975485,16476899.220658043,83912715.60562053,55736514.66063353,139649230.26625407,0.5473678660614572,0.2731221222455593,0.3535515447407288,0.31636791623177435,0.27423165942677546
27780,"Johnstown, PA",Metropolitan Statistical Area,71229,131452,37521667.16875223,,46399720.32210463,37521667.16875223,83921387.49085686,0.5418631896053312,0.18573290280749444,0.19748311764963017,0.1920508316772098,0.17278330894426333
27860,"Jonesboro, AR",Metropolitan Statistical Area,71501,137544,34680711.26211328,5747869.976490721,72013003.03682466,40428581.238604,112441584.27542865,0.5198409236317105,0.20860004794391204,0.3194807662251039,0.26821908474751405,0.18079076351390436
27900,"Joplin, MO",Metropolitan Statistical Area,93218,182798,28528037.784191743,10716245.905126318,55302195.054297656,39244283.68931806,94546478.74361572,0.5099508747360474,0.20641651149200008,0.2501026478293849,0.2299059459985541,0.2402735850986934
27980,"Kahului-Wailuku-Lahaina, HI",Metropolitan Statistical Area,80732,165508,27795887.03178283,,53654302.730447814,27795887.03178283,81450189.76223063,0.48778306788795706,0.1528446302842563,0.2536775855538539,0.20706112314633227,0.21754724079319548
28020,"Kalamazoo-Portage, MI",Metropolitan Statistical Area,179815,338338,67339929.81446965,9409126.455615504,123532263.2682828,76749056.27008516,200281319.53836796,0.5314655758442741,0.387341716706015,0.5360552080556266,0.46730291511275884,0.4447186743570593
28100,"Kankakee, IL",Metropolitan Statistical Area,54529,105987,25506562.13789875,,40638962.85634567,25506562.13789875,66145524.99424442,0.514487625840905,0.1329760296128061,0.18216793823483302,0.1594258421324056,0.1393115704977911
28140,"Kansas City, MO-KS",Metropolitan Statistical Area,1128254,2229421,349702816.9077848,347025361.3705279,623381783.295605,696728178.2783127,1320109961.5739176,0.5060748956791921,3.692707851141285,2.840819064293711,3.2346589701190513,2.9303984527419016
28420,"Kennewick-Richland, WA",Metropolitan Statistical Area,152013,314343,33369638.632184345,13776653.6623854,74164955.23570941,47146292.294569746,121311247.53027916,0.4835895820807207,0.26149716009060237,0.35369267337226457,0.31106941922340386,0.41317913522401
28660,"Killeen-Temple, TX",Metropolitan Statistical Area,243470,491093,56052202.381532244,9720733.732450705,204122581.97563493,65772936.113982946,269895518.08961785,0.49577167664780397,0.3558458341459077,0.9495407385999398,0.6750674166485879,0.6455031002903349
28700,"Kingsport-Bristol-Bristol, TN-VA",Metropolitan Statistical Area,166334,306432,62914333.683749355,33256426.431208186,110459436.26397403,96170760.11495754,206630196.37893158,0.5428088450292398,0.4752175833617715,0.46931038841985606,0.47204136590839085,0.4027807483066709
28740,"Kingston, NY",Metropolitan Statistical Area,98095,179898,36011263.5271227,,72290680.3448368,36011263.5271227,108301943.87195951,0.5452812149106716,0.17713900137431818,0.305749697954011,0.2462912035928912,0.23646176332391353
28940,"Knoxville, TN",Metropolitan Statistical Area,490642,917371,186194473.13484243,100584094.41705874,297515326.2634939,286778567.55190116,584293893.8153951,0.5348348705158545,1.438213446517337,1.2829032019659066,1.354705264667303,1.2058119839143397
29020,"Kokomo, IN",Metropolitan Statistical Area,43939,83777,17451024.54177222,,29522353.2657052,17451024.54177222,46973377.80747742,0.5244756914188858,0.08924665216516042,0.1298164921412757,0.11106049698999629,0.11011827338818389
29100,"La Crosse-Onalaska, WI-MN",Metropolitan Statistical Area,76534,140737,26345305.377093814,3342494.217652064,53976954.56969926,29687799.594745878,83664754.16444513,0.5438086643881851,0.14642939078232986,0.22891092263782323,0.19077857574016452,0.18498771073006715
29180,"Lafayette, LA",Metropolitan Statistical Area,248759,480926,136540157.09657314,83154560.07387143,183148018.03752676,219694717.17044458,402842735.20797133,0.5172500551020324,1.1392405556531782,0.816593537644497,0.965757692812679,0.6321393789164773
29200,"Lafayette-West Lafayette, IN",Metropolitan Statistical Area,118159,217818,34323641.36957669,5116731.99438125,80552020.66050385,39440373.36395794,119992394.02446179,0.5424666464663159,0.19501335118006438,0.3424582708609504,0.2742924560526198,0.28630461908241445
29340,"Lake Charles, LA",Metropolitan Statistical Area,115538,226018,81154243.02342562,2487946.8769142395,98471096.34857303,83642189.90033986,182113286.24891287,0.5111893742976223,0.43887409371629327,0.4442538665847827,0.4417667235766816,0.29708287375592995
29420,"Lake Havasu City-Kingman, AZ",Metropolitan Statistical Area,113208,217130,24436648.912959382,,58101301.28767176,24436648.912959382,82537950.20063114,0.5213835029705707,0.12571315684901266,0.25699982924857995,0.19630419445180508,0.2854002972268805
29460,"Lakeland-Winter Haven, FL",Metropolitan Statistical Area,392905,754798,129556790.54174879,,252987278.15474334,129556790.54174879,382544068.69649214,0.5205432446826833,0.6675744931616161,1.1208464710499133,0.9112925998862887,0.9921225696414818
29540,"Lancaster, PA",Metropolitan Statistical Area,287725,558004,135478452.86912578,,177511672.44238582,135478452.86912578,312990125.31151164,0.5156325044264916,0.7047357621411391,0.7939458632388247,0.7527028062137437,0.7334523440049198
29620,"Lansing-East Lansing, MI",Metropolitan Statistical Area,254231,473535,69863450.75082794,39822672.121547356,167122083.33722228,109686122.8723753,276808206.2095976,0.5368790057757082,0.5479887373326956,0.7178962427689093,0.6393456655419899,0.6224244910759953
29700,"Laredo, TX",Metropolitan Statistical Area,113842,270670,43802033.85312955,,29867261.994306203,43802033.85312955,73669295.84743576,0.4205933424465216,0.2793368627044889,0.16377110474592702,0.21719874451972987,0.3557744137171268
29740,"Las Cruces, NM",Metropolitan Statistical Area,112792,222285,36146531.15932169,,65768506.37453427,36146531.15932169,101915037.53385596,0.5074206536653395,0.19107103420626895,0.2989193984429546,0.24905961595705925,0.2921761390368771
29820,"Las Vegas-Henderson-Paradise, NV",Metropolitan Statistical Area,1170421,2332273,379323660.0227516,,687214275.2347745,379323660.0227516,1066537935.2575262,0.5018370490933094,2.027419317512383,3.1581569745592772,2.635401399841052,3.065589312459026
29940,"Lawrence, KS",Metropolitan Statistical Area,68245,120410,17564823.16999278,,58227146.80262079,17564823.16999278,75791969.97261357,0.5667718628020928,0.08312504031318758,0.23693078264861428,0.16582427201952257,0.15826946893146354
30020,"Lawton, OK",Metropolitan Statistical Area,66444,126215,18731342.063990735,813778.9215758601,52573139.87989935,19545120.985566594,72118260.86546594,0.5264350513013508,0.09958408419284805,0.23031561252965133,0.16987662847036009,0.16589968458753154
30140,"Lebanon, PA",Metropolitan Statistical Area,75670,144927,24875437.85342616,,49278676.75346798,24875437.85342616,74154114.60689414,0.5221249318622478,0.12778876439750103,0.2176651332061026,0.17611405145223902,0.19049513598397325
30300,"Lewiston, ID-WA",Metropolitan Statistical Area,34932,65242,9711753.415094698,5449752.687809376,20672687.64771402,15161506.102904074,35834193.75061809,0.5354219674442844,0.07595257953583667,0.08904407324525022,0.08299169560014921,0.08575547456213392
30340,"Lewiston-Auburn, ME",Metropolitan Statistical Area,59306,111527,17771490.62501293,,38018117.93835781,17771490.62501293,55789608.563370734,0.5317636088122158,0.08963995138498787,0.16488314457994163,0.13009718122484373,0.1465934645089223
30460,"Lexington-Fayette, KY",Metropolitan Statistical Area,275996,525150,85491726.18001236,41299336.67168035,210294285.13131347,126791062.8516927,337085347.9830062,0.5255565076644768,0.6470913478694452,0.9228100457132787,0.795341498562968,0.6902683465605688
30620,"Lima, OH",Metropolitan Statistical Area,51243,101445,22977982.868905026,,35879841.2017039,22977982.868905026,58857824.07060893,0.5051308590862044,0.12201251215493471,0.16381394619283612,0.14448856816341857,0.13334146894570484
30700,"Lincoln, NE",Metropolitan Statistical Area,179848,347560,64218693.17472044,3482462.87199744,117941773.89116737,67701156.04671788,185642929.93788525,0.517458856024859,0.3509268751751049,0.5256493024535733,0.44487272061879046,0.45684026760085933
30780,"Little Rock-North Little Rock-Conway, AR",Metropolitan Statistical Area,396599,760573,184324576.6436974,89789278.63043432,306739267.8651534,274113855.2741317,580853123.1392851,0.5214476453936703,1.4099919907863816,1.3566347178148044,1.381302519160079,0.9997133526585004
30860,"Logan, UT-ID",Metropolitan Statistical Area,72812,153499,25042530.622508585,2500005.65773343,56756218.23075552,27542536.280242015,84298754.51099753,0.47434836709033934,0.15574097489737476,0.2759435842474758,0.2203722642849388,0.20176235538170187
30980,"Longview, TX",Metropolitan Statistical Area,111617,217929,36926265.343472004,14897205.578348352,87579434.30293615,51823470.92182036,139402905.2247565,0.5121713952709369,0.2713985643730218,0.3943583829956239,0.33751236725473194,0.2864505198468974
31020,"Longview, WA",Metropolitan Statistical Area,58738,111971,16685561.50411328,,31044819.253534928,16685561.50411328,47730380.75764821,0.5245822579060649,0.08531464672008397,0.1364833892475047,0.11282737563477208,0.14717706756685411
31080,"Los Angeles-Long Beach-Anaheim, CA",Metropolitan Statistical Area,6246527,13196147,1916070665.647598,318066134.8439003,2633151614.1538315,2234136800.4914985,4867288414.64533,0.47335991331409083,12.65944464752777,12.828877268977049,12.750546237150399,17.345296716481403
31140,"Louisville/Jefferson County, KY-IN",Metropolitan Statistical Area,692658,1338021,230478580.11105308,156902577.28960466,340440371.12317044,387381157.4006578,727821528.5238283,0.5176734894295381,2.007145870031012,1.516664045658575,1.7434205407577943,1.7587233044526682
31180,"Lubbock, TX",Metropolitan Statistical Area,170027,328842,73797127.00829491,3498997.957475064,126561374.91964109,77296124.96576998,203857499.88541108,0.5170477007194945,0.4009807093029205,0.564514152238466,0.4889103917953168,0.4322369296766077
31340,"Lynchburg, VA",Metropolitan Statistical Area,141859,262377,38954224.36177278,45095965.89684225,109581124.03239073,84050190.25861503,193631314.29100576,0.5406685799441262,0.4169691626541563,0.4674217100610277,0.444096803305416,0.344873917862558
31420,"Macon, GA",Metropolitan Statistical Area,119691,233704,60679267.785973325,20982504.25621545,116160028.31746672,81661772.04218878,197821800.3596555,0.5121478451374388,0.42768086390047927,0.5230769954692676,0.4789740514544923,0.3071855158803983
31460,"Madera, CA",Metropolitan Statistical Area,74970,156979,15087561.29330688,,33983439.38339553,15087561.29330688,49071000.67670241,0.47757980366800656,0.0847362935134235,0.16410644556064996,0.12741253235245117,0.2063365415114377
31540,"Madison, WI",Metropolitan Statistical Area,375309,697771,136171575.06156096,20716063.391208302,258666686.6079,156887638.45276925,415554325.06066924,0.5378684410788066,0.782364311371904,1.1090948733998751,0.9580428396531495,0.9171650660723881
31700,"Manchester-Nashua, NH",Metropolitan Statistical Area,225750,427248,61494765.62991825,,150845430.835449,61494765.62991825,212340196.46536726,0.5283816425120773,0.31216686199444627,0.6583982990692981,0.4983307425095585,0.5615838722866036
31740,"Manhattan, KS",Metropolitan Statistical Area,55290,97754,9413004.632942483,3580332.975904256,52090103.84498192,12993337.608846739,65083441.45382866,0.5656034535671175,0.06161763695248501,0.21239653705907147,0.14268937723346428,0.1284899399213212
31860,"Mankato-North Mankato, MN",Metropolitan Statistical Area,57881,104576,13408146.502505518,6353439.267845629,44529680.46972958,19761585.77035115,64291266.24008073,0.5534826346389229,0.09576662024281994,0.18554524977546832,0.1440393542335037,0.13745692204116544
31900,"Mansfield, OH",Metropolitan Statistical Area,62236,124549,27326179.9734714,,40774168.53926653,27326179.9734714,68100348.51273793,0.49969088471204104,0.14668100124636851,0.18818627576786465,0.16899781635722827,0.16370985869898558
32580,"McAllen-Edinburg-Mission, TX",Metropolitan Statistical Area,382952,895257,165888761.30124724,,130117122.31030981,165888761.30124724,296005883.61155707,0.4277564989718036,1.0401996812293584,0.7015232907105144,0.8580980453105814,1.1767448712496906
32780,"Medford, OR",Metropolitan Statistical Area,120774,226282,35172409.039621286,,63719231.73096191,35172409.039621286,98891640.7705832,0.5337322456050415,0.1767563570563991,0.27532861507209555,0.22975730410607936,0.29742988097956513
32820,"Memphis, TN-MS-AR",Metropolitan Statistical Area,674484,1348750,456682858.9641852,155756966.8125415,493713249.41744,612439825.7767267,1106153075.1941667,0.5000808155699722,3.2848806791015965,2.276873220065926,2.7428889358108526,1.7728257305980522
32900,"Merced, CA",Metropolitan Statistical Area,130088,284751,28090846.957288917,,57063916.24906229,28090846.957288917,85154763.2063512,0.4568482639218124,0.164926036989765,0.28806722948614005,0.23113736210819308,0.37428278006563553
33100,"Miami-Fort Lauderdale-West Palm Beach, FL",Metropolitan Statistical Area,3196369,6239688,1078163195.0993075,384201146.06002593,1484931943.0185952,1462364341.1593335,2947296284.177929,0.5122642350066221,7.656987208553816,6.6852364911122795,7.134490216424384,8.201578822838849
33140,"Michigan City-La Porte, IN",Metropolitan Statistical Area,57674,112387,24122291.197337873,,38394357.280970536,24122291.197337873,62516648.47830841,0.5131732317794763,0.126081373110937,0.17254710155167208,0.15106535605185797,0.1477238668283398
33220,"Midland, MI",Metropolitan Statistical Area,43730,83191,10983423.940962201,,29707930.868243672,10983423.940962201,40691354.809205875,0.525657823562645,0.056044239848160114,0.13033874443879356,0.09599137287684009,0.10934802250541802
33260,"Midland, TX",Metropolitan Statistical Area,90314,183335,27131678.23518993,800348.836014912,76899438.56838031,27932027.07120484,104831465.63958515,0.49261733984236505,0.15208596166948354,0.36001262871408424,0.26388527003566226,0.24097942933767852
33340,"Milwaukee-Waukesha-West Allis, WI",Metropolitan Statistical Area,806767,1578575,371490546.0838439,111453487.88869837,435729516.35675937,482944033.9725423,918673550.3293016,0.5110729613733905,2.5346048940121224,1.9662481914548897,2.2290073140848166,2.074912606249357
33460,"Minneapolis-St. Paul-Bloomington, MN-WI",Metropolitan Statistical Area,1938554,3779275,496643336.88637793,658356413.067663,920983332.784166,1154999749.954041,2075983082.7382069,0.5129433555377685,6.039609371783983,4.140822583865811,5.018657838046587,4.96755956478662
33540,"Missoula, MT",Metropolitan Statistical Area,66923,120332,21794608.990484193,,53441013.37976339,21794608.990484193,75235622.37024757,0.5561529767642854,0.10511173009707574,0.22160761503406884,0.16774996476212742,0.15816694406993498
33660,"Mobile, AL",Metropolitan Statistical Area,213326,413978,184618966.09687963,,162645239.10725752,184618966.09687963,347264205.20413715,0.5153075767311306,0.9609618687496762,0.727912350717557,0.8356543490294017,0.5441415016137315
33700,"Modesto, CA",Metropolitan Statistical Area,266968,555745,68163275.75655967,,118038090.83606446,68163275.75655967,186201366.59262413,0.48037859090050294,0.38059508728426844,0.5666864047295936,0.48065382856575917,0.7304830662844963
33740,"Monroe, LA",Metropolitan Statistical Area,92562,181860,70110286.22534978,5633848.70670904,101003848.50445673,75744134.93205883,176747983.43651557,0.5089739359947212,0.39916259320690495,0.4576638816415044,0.4306179311800549,0.23904065791774737
33780,"Monroe, MI",Metropolitan Statistical Area,82660,154932,25595036.63769174,,58633300.9373615,25595036.63769174,84228337.57505324,0.5335243848914363,0.1286760884109776,0.2534511884773959,0.1957659431517072,0.20364592110696378
33860,"Montgomery, AL",Metropolitan Statistical Area,199983,388202,120725185.82769623,49000086.529570006,177186289.89030084,169725272.35726625,346911562.24756706,0.5151519054512856,0.8837055293216932,0.7932298797178026,0.835058017227797,0.5102609781424468
34060,"Morgantown, WV",Metropolitan Statistical Area,81483,141614,32753608.507652566,6516605.876994,70058831.32491353,39270214.384646565,109329045.7095601,0.5753880266075388,0.18306226037027945,0.2808059650884127,0.23561770571049304,0.18614045821161265
34100,"Morristown, TN",Metropolitan Statistical Area,64144,120192,16777903.41723928,5511329.1750797285,45431157.58453003,22289232.592319008,67720390.17684904,0.5336794462193823,0.11202398247059432,0.19632589538191925,0.15735196127867235,0.15798292508770423
34580,"Mount Vernon-Anacortes, WA",Metropolitan Statistical Area,69038,131790,17783762.35165266,,40046827.41960572,17783762.35165266,57830589.77125838,0.5238485469307231,0.09105719571393409,0.17630581379076943,0.13689420486542667,0.17322758334422042
34620,"Muncie, IN",Metropolitan Statistical Area,60633,110726,25533220.004340045,,44863145.95612302,25533220.004340045,70396365.96046306,0.5475949641457291,0.12506693603967745,0.1889446241920565,0.15941309017648453,0.1455406130463021
34740,"Muskegon, MI",Metropolitan Statistical Area,91282,175859,53733323.530774936,,58481754.561523765,53733323.530774936,112215078.0922987,0.5190635679720685,0.277663967208242,0.25983886297036984,0.2680796538843445,0.23115281568655632
34820,"Myrtle Beach-Conway-North Myrtle Beach, SC-NC",Metropolitan Statistical Area,281558,516537,87930002.62970476,4577458.545390639,229944965.81165642,92507461.1750954,322452426.9867518,0.5450877671880233,0.45520465546401406,0.9728855014216098,0.7335545244592349,0.6789472358894725
34900,"Napa, CA",Metropolitan Statistical Area,68729,137668,13506685.755899513,,43031065.85104567,13506685.755899513,56537751.60694518,0.4992372955225615,0.07256682845109617,0.1987830466734117,0.14043155259839732,0.18095375175530873
34940,"Naples-Immokalee-Marco Island, FL",Metropolitan Statistical Area,204847,387209,50590962.64344687,,128950777.41849253,50590962.64344687,179541740.0619394,0.5290347073544261,0.2564986873953681,0.5621394454586518,0.42083751822296966,0.5089557577899101
34980,"Nashville-Davidson--Murfreesboro--Franklin, TN",Metropolitan Statistical Area,1085993,2107531,345370534.80406857,300105131.32684237,834007006.1923716,645475666.1309109,1479482672.3232825,0.515291590016944,3.3598755281294395,3.732681253146409,3.560328037681322,2.770183640283999
35100,"New Bern, NC",Metropolitan Statistical Area,65098,121863,18808052.95617774,4235497.457334514,53981120.195263624,23043550.413512256,77024670.60877588,0.5341900330699227,0.1157044284540432,0.2330506792032442,0.17879989311760536,0.16017932308275842
35300,"New Haven-Milford, CT",Metropolitan Statistical Area,450394,862150,193080175.87179792,,295483929.31369233,193080175.87179792,488564105.18549025,0.5224079336542365,0.9913437903487099,1.304452780457167,1.159698186804502,1.1332283252160227
35380,"New Orleans-Metairie, LA",Metropolitan Statistical Area,656865,1280900,242706967.22171804,203122039.24085522,467383250.2811233,445829006.4625733,913212256.7436966,0.512815208056835,2.3318670919960076,2.1019215814230057,2.2082285543838256,1.6836422452812196
35620,"New York-Newark-Jersey City, NY-NJ-PA",Metropolitan Statistical Area,10192638,20921245,2936043697.5726647,3746318838.3608036,3897681583.759365,6682362535.933468,10580044119.692833,0.4871907957676515,36.789791573416764,18.4506445933884,26.92908453888775,27.499330085001553
35660,"Niles-Benton Harbor, MI",Metropolitan Statistical Area,80166,153223,34939371.891149014,,59576294.81908792,34939371.891149014,94515666.71023694,0.5231982143672947,0.17912046536937185,0.26261014405378547,0.22401171700776681,0.20139957510244696
35840,"North Port-Sarasota-Bradenton, FL",Metropolitan Statistical Area,465759,863230,112768909.82929507,40516574.20079865,301961810.8528284,153285484.03009373,455247294.8829221,0.5395537689839325,0.7620135038208948,1.2906888301182293,1.0462749536407372,1.1346479002218028
35980,"Norwich-New London, CT",Metropolitan Statistical Area,144169,267292,48121132.41823212,,94760607.9925725,48121132.41823212,142881740.41080463,0.5393689298594795,0.23930197452650412,0.4051782964129955,0.3284913907992012,0.3513342985601591
36100,"Ocala, FL",Metropolitan Statistical Area,208502,385554,67744347.04214813,,138112763.46063608,67744347.04214813,205857110.5027842,0.540785467145977,0.3360039769805273,0.588996974616939,0.4720348313161573,0.5067803905356822
36140,"Ocean City, NJ",Metropolitan Statistical Area,51094,94621,12093261.78071403,,35755672.31981334,12093261.78071403,47848934.10052737,0.5399858382388687,0.06006997519794263,0.15270977578833292,0.10988112150446587,0.12437185798325731
36220,"Odessa, TX",Metropolitan Statistical Area,82425,171793,26199841.161417,,55104013.603575826,26199841.161417,81303854.76499283,0.4797925410232082,0.14646758977541466,0.26487075023373474,0.21013134024937585,0.22580837867405462
36260,"Ogden-Clearfield, UT",Metropolitan Statistical Area,331707,719384,104850851.59343714,48688239.99878752,206070739.0278564,153539091.59222466,359609830.62008107,0.4610986621887615,0.8931439757656067,1.0306868317709226,0.9670988772251908,0.9455736536649113
36420,"Oklahoma City, OK",Metropolitan Statistical Area,745341,1465917,234716354.15994322,169791779.65195334,427583113.28092283,404508133.81189656,832091247.0928195,0.5084469311700458,2.1339193278515647,1.9394526257773277,2.029357257477552,1.9268325312482706
36500,"Olympia-Tumwater, WA",Metropolitan Statistical Area,160399,303183,35878483.01797149,,102595460.88776219,35878483.01797149,138473943.90573367,0.5290501116487402,0.18190039015966436,0.4472348084084169,0.3245670565742705,0.39851019349761574
36540,"Omaha-Council Bluffs, NE-IA",Metropolitan Statistical Area,491641,988185,170445406.31510502,97985074.84051785,264908313.091863,268430481.15562287,533338794.2474859,0.49751918922064187,1.447166039555797,1.2279763766510259,1.3293107732637015,1.2988914139692576
36740,"Orlando-Kissimmee-Sanford, FL",Metropolitan Statistical Area,1456175,2799598,312139708.42955387,181006766.02523613,940625330.607526,493146474.45479,1433771805.062316,0.5201371768375317,2.54304710790586,4.170643175594398,3.4181831222202677,3.6798512472517855
36780,"Oshkosh-Neenah, WI",Metropolitan Statistical Area,92059,172366,25440429.748404067,,64266095.836562485,25440429.748404067,89706525.58496656,0.5340902498172494,0.12776331222924162,0.2775054576119306,0.20827760375809787,0.22656154207989906
36980,"Owensboro, KY",Metropolitan Statistical Area,63196,122646,33153800.840294402,5466557.192437504,40635633.634428546,38620358.032731906,79255991.66716045,0.5152715946708413,0.2010372164749639,0.18187587485026244,0.19073442669114948,0.161208514961949
37100,"Oxnard-Thousand Oaks-Ventura, CA",Metropolitan Statistical Area,405009,843077,103303016.38933374,,199210747.41943473,103303016.38933374,302513763.80876845,0.48039384302975885,0.5767823190870237,0.9563560141393129,0.7808738730180937,1.108158367729686
37340,"Palm Bay-Melbourne-Titusville, FL",Metropolitan Statistical Area,332781,619038,109337423.52876462,,206856280.55638188,109337423.52876462,316193704.0851465,0.5375776608221143,0.5455367238035296,0.8874252044475297,0.7293654563930054,0.8136767337297179
37460,"Panama City, FL",Metropolitan Statistical Area,104445,192323,30254351.682969783,1932977.2892249278,80948904.23195109,32187328.97219471,113136233.20414579,0.5430707715665833,0.15897355203023394,0.3437627428805383,0.25833215775529167,0.2527934479968928
37620,"Parkersburg-Vienna, WV",Metropolitan Statistical Area,47422,88742,19102549.868418,1287345.163285192,29489719.93079942,20389895.031703193,49879614.96250261,0.5343805638818147,0.10234360360155528,0.12726947574312286,0.11574590214007466,0.11664437515086735
37860,"Pensacola-Ferry Pass-Brent, FL",Metropolitan Statistical Area,279148,522259,102016300.08748056,25362863.854571518,198589546.72653192,127379163.94205208,325968710.668584,0.5345010808813252,0.6392138478607114,0.8568643174404069,0.7562415110770148,0.6864683545775037
37900,"Peoria, IL",Metropolitan Statistical Area,187305,364999,75996279.23870532,33360228.455944933,109334058.50878139,109356507.69465026,218690566.20343167,0.5131657894953137,0.5715882664883065,0.4913625290231834,0.528451991140597,0.4797624606803028
37980,"Philadelphia-Camden-Wilmington, PA-NJ-DE-MD",Metropolitan Statistical Area,3206403,6290595,1075309173.1904507,947324366.3438736,1532585426.7149558,2022633539.5343242,3555218966.24928,0.5097137870106087,10.643566853560817,6.934299123751189,8.649144624647054,8.268492068041857
38060,"Phoenix-Mesa-Scottsdale, AZ",Metropolitan Statistical Area,2460551,5009506,846585717.9653957,72033920.1018307,1239714526.9302142,918619638.0672264,2158334164.9974403,0.491176375474947,5.016428471516344,5.820877789935559,5.448969803002315,6.584601397134625
38220,"Pine Bluff, AR",Metropolitan Statistical Area,41697,85365,24136037.46781765,3586866.3426567363,44896283.57290801,27722903.810474385,72619187.3833824,0.4884554559831313,0.15223346123914389,0.21197746221667832,0.18435698865029565,0.11220557441520128
38300,"Pittsburgh, PA",Metropolitan Statistical Area,1270948,2366261,699760636.9473771,298457686.2876317,597853166.910444,998218323.2350087,1596071490.1454527,0.5371123472854431,4.984903666521287,2.5670460468249803,3.68485488753538,3.110263863659446
38340,"Pittsfield, MA",Metropolitan Statistical Area,69416,127750,33620519.287540235,,38396275.52448221,33620519.287540235,72016794.81202245,0.5433737769080235,0.1659594970829614,0.16296512902925817,0.16434946657482075,0.16791732128556155
38540,"Pocatello, ID",Metropolitan Statistical Area,44698,88655,15502347.257848205,,30900003.340287026,15502347.257848205,46402350.59813523,0.5041791213129547,0.08247246449505313,0.14134417991137396,0.11412697596021001,0.11653002049762395
38860,"Portland-South Portland, ME",Metropolitan Statistical Area,305144,560412,91214130.14977024,31354821.018817022,190411374.12847763,122568951.16858727,312980325.2970649,0.544499404009907,0.6037809824598184,0.8064913978386113,0.712775584066685,0.7366174704992887
38900,"Portland-Vancouver-Hillsboro, OR-WA",Metropolitan Statistical Area,1347740,2572359,287555649.0758755,225938891.19517723,670902949.2878551,513494540.2710527,1184397489.558908,0.523931535217285,2.628800687926485,2.953176629125867,2.8032131689813578,3.381163465086543
38940,"Port St. Lucie, FL",Metropolitan Statistical Area,263798,501413,53725093.471886344,15398639.495231077,178235733.39986897,69123732.96711743,247359466.3669864,0.5261092153574,0.3524095293504002,0.781309544224523,0.5830231668540744,0.6590679281233447
39140,"Prescott, AZ",Metropolitan Statistical Area,129118,243616,28555435.53137068,,75242915.56588547,28555435.53137068,103798351.09725615,0.5300062393274662,0.14451208762252166,0.3274077040736449,0.2428525444435576,0.32021405982233553
39300,"Providence-Warwick, RI-MA",Metropolitan Statistical Area,890156,1682345,334946241.5353671,157552491.11884862,442738396.1078349,492498732.6542157,935237128.7620506,0.5291162038701931,2.4966083814987523,1.9297470545457684,2.1918148444615624,2.211310104721394
39340,"Provo-Orem, UT",Metropolitan Statistical Area,317574,712779,143862600.5471219,2934296.6117368643,260852661.95588082,146796897.15885878,407649559.1147396,0.4455434293097861,0.883737331967781,1.350235402425862,1.1345669267122742,0.9368919009675247
39380,"Pueblo, CO",Metropolitan Statistical Area,86472,169529,34060046.43567557,,48887814.022318155,34060046.43567557,82947860.45799372,0.510072023075698,0.17910598596173177,0.22104127451620742,0.20165401370230457,0.222832528847123
39460,"Punta Gorda, FL",Metropolitan Statistical Area,106538,192793,17499991.2993322,,74286323.57712871,17499991.2993322,91786314.87646091,0.5526030509406462,0.0849416950089659,0.31002723596791437,0.20596709381959477,0.2534112260086675
39540,"Racine, WI",Metropolitan Statistical Area,100853,197946,44060269.30788563,,71761333.70881443,44060269.30788563,115821603.01670006,0.5094975397330586,0.2319537642166164,0.3248274115956855,0.28189064672431835,0.2601844389760608
39580,"Raleigh, NC",Metropolitan Statistical Area,758047,1489947,232058266.64186004,60225509.15999524,619640149.1161145,292283775.80185527,911923924.9179697,0.5087744731859589,1.5409046453510513,2.808785002523095,2.222626470827592,1.9584180751268774
39660,"Rapid City, SD",Metropolitan Statistical Area,79018,150215,18709684.877460923,6403915.769319691,54849527.92311382,25113600.646780614,79963128.56989443,0.5260326864827081,0.12805384445335452,0.24047194939712402,0.18849951291517816,0.19744579582708907
39740,"Reading, PA",Metropolitan Statistical Area,222683,431045,90753844.72424185,,137213263.5837258,90753844.72424185,227967108.30796766,0.5166119546683061,0.4711909598390604,0.61254204389459,0.5471934931304157,0.566574729968962
39820,"Redding, CA",Metropolitan Statistical Area,96587,181922,28624405.853401862,,51080917.96718846,28624405.853401862,79705323.82059032,0.5309253416299293,0.1446103557228803,0.22188579465522418,0.18616029613757357,0.23912215203844955
39900,"Reno, NV",Metropolitan Statistical Area,263491,506152,85880122.15247542,922407.029149452,142518488.08175492,86802529.18162487,229321017.2633798,0.5205768227726059,0.447243378686055,0.6313797357820715,0.5462509646826437,0.6652969706718557
40060,"Richmond, VA",Metropolitan Statistical Area,708354,1363991,152899815.54816824,291175911.36973315,474309216.13227963,444075726.9179014,918384943.050181,0.5193245409977045,2.2935835129977145,2.1063327407500214,2.1929013488199254,1.7928588256564728
40140,"Riverside-San Bernardino-Ontario, CA",Metropolitan Statistical Area,2206219,4647703,469234716.33224344,119656131.86110146,948816853.504009,588890848.193345,1537707701.6973538,0.4746901856680601,3.3275218895673566,4.609739658350806,4.01695274402368,6.10903982693439
40220,"Roanoke, VA",Metropolitan Statistical Area,166457,315196,42579800.59824918,48119619.41415637,115263701.47439076,90699420.01240554,205963121.48679632,0.5281063211462075,0.46065894940057367,0.5033562404900452,0.4836166954211377,0.414300336594316
40340,"Rochester, MN",Metropolitan Statistical Area,116482,229964,32121603.531532627,11025712.381641516,77778566.85599785,43147315.913174145,120925882.76917198,0.5065227600841871,0.22848157742556913,0.35413204954830096,0.29604210767824707,0.3022695802122339
40380,"Rochester, NY",Metropolitan Statistical Area,570220,1081588,330022610.95023257,72747520.07099485,292300595.28142285,402770131.0212274,695070726.3026502,0.5272062929692267,2.0491466452572267,1.2786549825854463,1.6348638781019447,1.4216623068071073
40420,"Rockford, IL",Metropolitan Statistical Area,171560,334434,69214780.35388748,9460037.747223722,104791516.681317,78674818.1011112,183466334.7824282,0.5129861198323137,0.41136420794578593,0.4711126576346238,0.44349012736780336,0.43958717359542465
40580,"Rocky Mount, NC",Metropolitan Statistical Area,75074,142599,33683158.947933435,15806294.75421024,74062230.89235191,49489453.70214368,123551684.5944956,0.5264693300794536,0.2521366349564388,0.32443520540173504,0.2910105816537798,0.18743516319373615
40660,"Rome, GA",Metropolitan Statistical Area,51204,98569,26600656.572618697,,42866750.27088907,26600656.572618697,69467406.84350777,0.519473668191825,0.1373489003175759,0.19030985729525637,0.1658252782861871,0.12956119328216453
40900,"Sacramento--Roseville--Arden-Arcade, CA",Metropolitan Statistical Area,1232251,2434773,306639532.2449824,113467198.7887392,601645864.3749876,420106731.0337216,1021752595.4087093,0.5061050865932881,2.226462098272572,2.741602545273835,2.503446029697932,3.2003174958779694
40980,"Saginaw, MI",Metropolitan Statistical Area,98259,187647,59421974.444830574,,71315508.27757587,59421974.444830574,130737482.72240645,0.5236374682249116,0.30437763095821774,0.31409247265573637,0.3096011676892544,0.2466472139903857
41060,"St. Cloud, MN",Metropolitan Statistical Area,106349,201331,28073026.973836247,9708636.514282623,71727271.68056911,37781663.48811887,109508935.16868798,0.5282296318003685,0.1918468550865577,0.31315965996327777,0.25707508133552304,0.2646337550821401
41100,"St. George, UT",Metropolitan Statistical Area,93366,192620,25685698.83599538,,70157419.79538473,25685698.83599538,95843118.63138011,0.48471602118160106,0.14213478609096158,0.3338031993790121,0.2451922550814615,0.25318383112348236
41140,"St. Joseph, MO-KS",Metropolitan Statistical Area,63321,120621,20079481.72220596,11282920.710007634,38587684.90447577,31362402.432213593,69950087.33668937,0.5249583405874599,0.16024365848511168,0.16952281068738445,0.16523293096845348,0.15854681182611133
41180,"St. Louis, MO-IL",Metropolitan Statistical Area,1460567,2821402,560874292.6328945,572877672.4438378,708266152.042638,1133751965.0767322,1842018117.11937,0.5176741917670719,5.874324146944127,3.1553259874199684,4.4123562425650835,3.7085108893129233
41420,"Salem, OR",Metropolitan Statistical Area,223301,441262,49733847.0075914,12773924.215200001,112147711.76781489,62507771.222791396,174655482.99060628,0.5060508269463493,0.33131129631774603,0.511093713276455,0.4279778286008428,0.5800041724079019
41500,"Salinas, CA",Metropolitan Statistical Area,204547,441520,42881737.9298144,,84927304.53248306,42881737.9298144,127809042.46229745,0.4632791266533792,0.248271011568277,0.42277458144834296,0.34209918039972226,0.5803432931037271
41540,"Salisbury, MD-DE",Metropolitan Statistical Area,229900,428935,81987984.26616667,36925852.311468676,152761789.59198236,118913836.57763535,271675626.1696177,0.535978644783009,0.5950881107461271,0.6573119263269354,0.6285450003539752,0.5638013010224842
41620,"Salt Lake City, UT",Metropolitan Statistical Area,619091,1302051,233161464.8116476,13474326.17686389,380027090.13627183,246635790.98851147,626662881.1247833,0.4754736949627933,1.3913166224649278,1.843284292352029,1.6343334207210771,1.7114435702323814
41660,"San Angelo, TX",Metropolitan Statistical Area,63625,123756,23819403.161766063,496403.45017452,43806243.94646223,24315806.611940585,68122050.5584028,0.5141164872814248,0.12685965261257834,0.19650732637798055,0.16430824863424678,0.16266752260677853
41700,"San Antonio-New Braunfels, TX",Metropolitan Statistical Area,1318529,2661164,351660147.1082576,114938822.6504477,639156442.5151573,466598969.75870526,1105755412.2738626,0.4954707789523682,2.5259345758408585,2.9750439465915153,2.7674145059737403,3.497890648779414
41740,"San Diego-Carlsbad, CA",Metropolitan Statistical Area,1677902,3315091,531279717.654117,,921363176.0565326,531279717.654117,1452642893.7106495,0.5061405554176341,2.8154542054723657,4.198208219784085,3.5589420160447696,4.357426227302337
41860,"San Francisco-Oakland-Hayward, CA",Metropolitan Statistical Area,2404613,4804901,492472595.64520913,339780143.0167799,1286960689.1507902,832252738.661989,2119213427.8127792,0.5004500613019914,4.460575090716238,5.930738776077588,5.251061878893413,6.315664226710889
41940,"San Jose-Sunnyvale-Santa Clara, CA",Metropolitan Statistical Area,960719,2023898,196196159.93339413,6353458.987690501,443061385.19845384,202549618.92108464,645611004.1195385,0.4746874595458862,1.144511183107532,2.152585465093813,1.6865388561795178,2.660254643563252
42020,"San Luis Obispo-Paso Robles-Arroyo Grande, CA",Metropolitan Statistical Area,153021,283804,44630213.5967226,,90941527.91802058,44630213.5967226,135571741.51474318,0.5391784470972925,0.22202036405018444,0.38898601175638997,0.3117954958299903,0.3730380230929747
42100,"Santa Cruz-Watsonville, CA",Metropolitan Statistical Area,138882,269608,36163532.293853514,,83332285.53333884,36163532.293853514,119495817.82719237,0.5151256639268864,0.18830160649375802,0.373082060812552,0.28765551470601347,0.35437849829477636
42140,"Santa Fe, NM",Metropolitan Statistical Area,83578,157119,32465107.0963362,,66514566.187175654,32465107.0963362,98979673.28351185,0.5319407582787569,0.1637004753405244,0.2883750985384567,0.23073630505135664,0.2065205604936685
42200,"Santa Maria-Santa Barbara, CA",Metropolitan Statistical Area,226983,449461,62692520.2911659,,117250203.98258525,62692520.2911659,179942724.27375114,0.5050115582887058,0.3329743500218323,0.5354470743742921,0.4418411484338196,0.5907811126601158
42220,"Santa Rosa, CA",Metropolitan Statistical Area,254514,487721,79228184.9809157,,133137443.42147364,79228184.9809157,212365628.40238935,0.5218434309779567,0.4072263340100859,0.5883886048479179,0.5046347947409622,0.641070871661177
42340,"Savannah, GA",Metropolitan Statistical Area,214044,418829,89080007.56703407,25373038.06920162,188605102.54467657,114453045.63623568,303058148.18091226,0.5110534370829145,0.6006996917287029,0.8511211556727453,0.7353478677752341,0.5505177593480272
42540,"Scranton--Wilkes-Barre--Hazleton, PA",Metropolitan Statistical Area,304335,565778,148286927.1681561,29298074.229515515,160918568.4692713,177585001.3976716,338503569.8669429,0.5379053268243021,0.8855168032241879,0.6899292799614674,0.7803520827165693,0.743670655203933
42660,"Seattle-Tacoma-Bellevue, WA",Metropolitan Statistical Area,2148306,4131015,636538131.684436,259621226.10067183,1058438669.3143743,896159357.7851079,1954598027.099482,0.5200431370982677,4.62213092808956,4.693864945689645,4.6607013224887375,5.429894113428369
42680,"Sebastian-Vero Beach, FL",Metropolitan Statistical Area,87974,164020,24467858.808016088,,60131221.003445454,24467858.808016088,84599079.81146154,0.536361419339105,0.12235868559142633,0.2585513157763474,0.19558758920280805,0.21559138189634292
42700,"Sebring, FL",Metropolitan Statistical Area,53351,101638,16363017.8521337,,34542096.710845016,16363017.8521337,50905114.562978715,0.5249119423837542,0.08361290628433823,0.15176320975773927,0.12025638689972798,0.13359515225692295
43100,"Sheboygan, WI",Metropolitan Statistical Area,61584,118231,21844734.47959915,,34233690.52937717,21844734.47959915,56078425.008976325,0.520878618974719,0.11248810692520005,0.1515728618152162,0.13350344192995983,0.15540534491517205
43300,"Sherman-Denison, TX",Metropolitan Statistical Area,73137,139357,25928119.673970193,,55050727.92861762,25928119.673970193,80978847.60258782,0.5248175549129215,0.1325131682566976,0.241912869761267,0.19133588271426033,0.1831738093337926
43340,"Shreveport-Bossier City, LA",Metropolitan Statistical Area,217810,427385,101925685.96504089,59013943.047827676,162694302.28418207,160939629.01286858,323633931.29705065,0.5096341705955988,0.8470339645445052,0.7362377222100617,0.7874603492953112,0.5617639480049293
43420,"Sierra Vista-Douglas, AZ",Metropolitan Statistical Area,62834,125122,13334510.870262668,,37356128.10751441,13334510.870262668,50690638.97777708,0.5021818704943974,0.07122171520550506,0.17155567428829463,0.12516990468276062,0.16446302210483002
43580,"Sioux City, IA-NE-SD",Metropolitan Statistical Area,88214,176648,23746580.417083204,12526568.449818192,49496266.10004156,36273148.8669014,85769414.96694297,0.4993772926950772,0.19482865678216207,0.22858509486096273,0.21297902914063466,0.23218989409355678
43620,"Sioux Falls, SD",Metropolitan Statistical Area,143796,289759,37050146.7621157,24398662.60682584,95398744.70582047,61448809.368941545,156847554.07476202,0.4962606856042435,0.3321237782834145,0.4433401357860639,0.39192328367891416,0.3808654019442899
43780,"South Bend-Mishawaka, IN-MI",Metropolitan Statistical Area,167617,324103,63619586.40395664,5380611.8231891515,116640072.99875744,69000198.22714579,185640271.2259032,0.5171720101325813,0.3578587945404387,0.5201361412371229,0.4451130913656568,0.42600788712809673
43900,"Spartanburg, SC",Metropolitan Statistical Area,191765,365412,112526846.75056869,9976960.577634048,161799375.02725002,122503807.32820274,284303182.3554528,0.5247911945967839,0.6261226514086944,0.7110408651326985,0.6717820066851322,0.48030531667788356
44060,"Spokane-Spokane Valley, WA",Metropolitan Statistical Area,323919,612472,111375490.12377709,9873513.899101874,168967665.1869445,121249004.02287896,290216669.2098235,0.5288715239227263,0.6149281360045277,0.7368136792788309,0.6804643158105557,0.8050462434630956
44100,"Springfield, IL",Metropolitan Statistical Area,107427,207377,55381604.85116358,3725774.9118833765,76155465.91236295,59107379.76304696,135262845.6754099,0.5180275536824238,0.30604494867717236,0.33904120285813355,0.32378658061183324,0.2725807462719053
44140,"Springfield, MA",Metropolitan Statistical Area,331744,624908,120322806.9252058,23079941.925818387,176692613.73562357,143402748.85102418,320095362.58664775,0.5308685438496547,0.7245474838074644,0.7676012332073905,0.7476968925576659,0.8213923867703931
44180,"Springfield, MO",Metropolitan Statistical Area,256816,484259,75717726.5449154,41757087.694368966,159891547.65427017,117474814.23928437,277366361.89355457,0.5303277791429792,0.5941508996749606,0.695321071508193,0.6485487092441231,0.6365203451148709
44220,"Springfield, OH",Metropolitan Statistical Area,70074,134983,30443134.230452918,,44883953.18377128,30443134.230452918,75327087.4142242,0.5191320388493366,0.1572924577649271,0.1993964991520496,0.17993122158203553,0.17742453056038324
44300,"State College, PA",Metropolitan Statistical Area,87819,157895,29636963.973257463,,65317867.12223463,29636963.973257463,94954831.0954921,0.5561860730232117,0.14292558254213383,0.27084208354209266,0.21170452534772127,0.2075405514237475
44420,"Staunton-Waynesboro, VA",Metropolitan Statistical Area,66907,126196,17028607.58147783,14100757.400208058,47352239.6766501,31129364.981685884,78481604.65833598,0.5301832070747092,0.1574855321422416,0.20597704263583952,0.18355875022375231,0.1658747105828002
44700,"Stockton-Lodi, CA",Metropolitan Statistical Area,378958,795083,82037237.50686154,,174355604.27436087,82037237.50686154,256392841.7812224,0.47662696850517494,0.4616669490925167,0.8436485423001729,0.6670531967356178,1.0450740317783809
44940,"Sumter, SC",Metropolitan Statistical Area,54230,105247,35773699.66347485,,61804118.37374676,35773699.66347485,97577818.03722161,0.5152640930382814,0.18622172539087514,0.2766252361316406,0.2348304494105027,0.13833889873457142
45060,"Syracuse, NY",Metropolitan Statistical Area,346756,654951,172284042.05986428,29755437.197813876,189150933.9149829,202039479.25767815,391190413.17266107,0.5294380801006487,1.023569730395348,0.8239437732611297,0.9162335995528582,0.8608815459358108
45220,"Tallahassee, FL",Metropolitan Statistical Area,211736,386899,91761931.50276533,34843103.816641346,177457330.9642103,126605035.31940667,304062366.28361696,0.5472642731048671,0.6205120936656076,0.7478269449189945,0.6889675376795223,0.5085482871863991
45300,"Tampa-St. Petersburg-Clearwater, FL",Metropolitan Statistical Area,1715646,3251689,473300997.202358,202101259.1787809,1041383447.1574801,675402256.3811389,1716785703.538619,0.5276168784899171,3.433524855654153,4.551937088281663,4.034879726836735,4.274089287935236
45460,"Terre Haute, IN",Metropolitan Statistical Area,86574,167764,34153453.58674561,11363524.777864998,50892183.434017755,45516978.36461061,96409161.79862836,0.5160463508261606,0.23658166347592924,0.22743988839829668,0.23166625678257197,0.2205125752497139
45500,"Texarkana, TX-AR",Metropolitan Statistical Area,73601,146887,32063323.97488256,18774672.944978327,59554797.9068752,50837996.919860885,110392794.8267361,0.5010722528201951,0.27213502751610624,0.2741073381316626,0.27319551180047735,0.19307140173520376
45540,"The Villages, FL",Metropolitan Statistical Area,77443,139146,7630578.635675562,,45479616.8085213,7630578.635675562,53110195.444196865,0.5565592974286002,0.0367741293043333,0.188455846752879,0.11833130204978037,0.1828964664391448
45780,"Toledo, OH",Metropolitan Statistical Area,314699,603750,174882649.0528891,34262710.58555586,181150528.569213,209145359.63844496,390295888.20765793,0.5212405797101449,1.0762331939823804,0.8015039139935191,0.9285150396577854,0.7935818608701197
45820,"Topeka, KS",Metropolitan Statistical Area,119864,232356,45369411.01908388,10296089.980214741,69461540.65494919,55665500.99929862,125127041.6542478,0.5158635886312383,0.28943271320279756,0.310537317939692,0.300780368828039,0.30541367596577645
45940,"Trenton, NJ",Metropolitan Statistical Area,196620,390124,74929237.96474044,,144858075.4286206,74929237.96474044,219787313.39336103,0.503993602034225,0.39877016788706554,0.6628602077830219,0.5407677491806245,0.5127872958842147
46060,"Tucson, AZ",Metropolitan Statistical Area,545350,1060553,211556244.10772672,,263058940.57628965,211556244.10772672,474615184.68401635,0.5142128681923487,1.1035176304229644,1.1798162867965634,1.1445423682936837,1.3940134547269367
46140,"Tulsa, OK",Metropolitan Statistical Area,527774,1032331,184200426.13853106,99703125.71477064,298344907.7477313,283903551.8533017,582248459.601033,0.5112449398497187,1.4894919899669068,1.3458413516188485,1.4122530179680526,1.3569178567518203
46220,"Tuscaloosa, AL",Metropolitan Statistical Area,144479,267462,116451781.97134848,20584015.905122798,148692667.45851496,137035797.87647128,285728465.3349862,0.5401851477966964,0.6804367509642407,0.6348208383991705,0.6559097023285165,0.35155775018143925
46340,"Tyler, TX",Metropolitan Statistical Area,121880,238456,53242154.72259684,,106003994.25805111,53242154.72259684,159246148.98064795,0.5111215486295165,0.27940090007193324,0.4783021135479817,0.38634734621992056,0.31343164590583067
46520,"Urban Honolulu, HI",Metropolitan Statistical Area,491618,1020829,184290305.4370533,,277062157.4951182,184290305.4370533,461352462.93217146,0.48158702387961155,1.0264175802250721,1.326803768123537,1.1879311009636013,1.3417993829402624
46540,"Utica-Rome, NY",Metropolitan Statistical Area,150239,288198,69258353.52896705,13312650.06330774,78378667.34186682,82571003.59227479,160949670.9341416,0.5213047973962346,0.42484666184183595,0.34674516531621646,0.38285256162353737,0.378813590292417
46660,"Valdosta, GA",Metropolitan Statistical Area,78259,150361,37362015.9350086,10144957.510577403,82638166.90384193,47506973.445586,130145140.34942794,0.5204740590977713,0.24482436871954388,0.36617260299151844,0.31007164486692573,0.19763770133712974
46700,"Vallejo-Fairfield, CA",Metropolitan Statistical Area,230063,459338,47768412.11518063,,141760394.55368018,47768412.11518063,189528806.6688608,0.500857756162129,0.25581309381727385,0.6527468290936055,0.4692389025500171,0.6037636518564953
47020,"Victoria, TX",Metropolitan Statistical Area,50125,99181,20425510.483355254,1469457.1000507202,34217529.989417285,21894967.583405975,56112497.572823256,0.5053891370322945,0.11620231289233571,0.15614461627847703,0.1376787399259341,0.13036561911877323
47220,"Vineland-Bridgeton, NJ",Metropolitan Statistical Area,72640,153196,29096646.24176352,,44993512.14935744,29096646.24176352,74090158.39112096,0.47416381628763155,0.1645928225667191,0.21883951644852048,0.19376052358044382,0.20136408572730247
47260,"Virginia Beach-Norfolk-Newport News, VA-NC",Metropolitan Statistical Area,935885,1780840,197665504.05531856,311837144.042496,647598181.0091602,509502648.09781456,1157100829.1069746,0.5255300869252713,2.6004303703233527,2.8419229327640414,2.730277598868857,2.3407740308272365
47300,"Visalia-Porterville, CA",Metropolitan Statistical Area,212947,476934,70020355.43004633,,85115123.6683419,70020355.43004633,155135479.09838825,0.44649154809680164,0.420636967026604,0.43964056087182257,0.43085493799956964,0.6268922090802976
47380,"Waco, TX",Metropolitan Statistical Area,144415,282551,74558395.91277574,5335119.929643912,104409448.86117515,79893515.84241965,184302964.7035948,0.5111112684081812,0.4192687041295693,0.4711168184373662,0.4471467219042633,0.37139105320200944
47460,"Walla Walla, WA",Metropolitan Statistical Area,33866,66832,8430223.991028508,571625.41229108,19701006.455795746,9001849.403319588,28702855.859115332,0.5067333014124971,0.04764843771354653,0.08966299227326804,0.07023908569465608,0.0878454044317546
47580,"Warner Robins, GA",Metropolitan Statistical Area,106943,207052,40631661.75287601,11511513.692171164,110931654.8694992,52143175.44504718,163074830.31454638,0.516503100670363,0.27078269804818245,0.4953210898501676,0.39151390228439176,0.2721535593488696
47900,"Washington-Arlington-Alexandria, DC-VA-MD-WV",Metropolitan Statistical Area,3265189,6508977,605479725.2738923,805503945.1333921,1950121170.7341619,1410983670.4072843,3361104841.141446,0.5016439603335516,7.544366334649213,8.965412375843426,8.308443241282507,8.5555380207384
47940,"Waterloo-Cedar Falls, IA",Metropolitan Statistical Area,88181,168411,32604875.947609283,6511453.10472202,63085209.196148254,39116329.052331306,102201538.24847956,0.5236059402295574,0.20037793403259607,0.27786077563044426,0.24203939200723615,0.22136300583188032
48060,"Watertown-Fort Drum, NY",Metropolitan Statistical Area,60784,115546,20491189.464788016,,44562296.46043009,20491189.464788016,65053485.925218105,0.5260588856386201,0.10447904082763612,0.19536081749981463,0.15334492185895,0.15187612372024656
48140,"Wausau, WI",Metropolitan Statistical Area,72359,138512,27288757.851921566,,44564066.61402894,27288757.851921566,71852824.4659505,0.5224023911285665,0.14011188636876798,0.19673603737945877,0.17055791337337234,0.18206312333389985
48260,"Weirton-Steubenville, WV-OH",Metropolitan Statistical Area,62859,115039,23575883.298118386,8976997.28558549,41953088.7362567,32552880.583703876,74505969.31996056,0.5464146941472022,0.15979508748731397,0.1770703443413868,0.16908375543734244,0.1512097121203109
48300,"Wenatchee, WA",Metropolitan Statistical Area,63855,124093,12002499.576645806,7174045.426763281,31655572.957774512,19176545.003409088,50832117.9611836,0.514573747109023,0.09995835660037712,0.1418753069990459,0.1224965241668556,0.16311048258543398
48540,"Wheeling, WV-OH",Metropolitan Statistical Area,75407,137496,31038281.99471016,16521906.80241573,45269055.187108144,47560188.79712589,92829243.98423404,0.5484304997963577,0.23260462160520362,0.19036368024336855,0.20989224855506242,0.18072767129142522
48620,"Wichita, KS",Metropolitan Statistical Area,328261,658075,115549264.58396994,26993263.04347661,156643631.51415977,142542527.62744653,299186159.14160633,0.49882004330813356,0.766473119434706,0.7242243259863278,0.7437565244256538,0.8649877980821599
48660,"Wichita Falls, TX",Metropolitan Statistical Area,75481,147029,29734203.463448495,7093200.572372872,48946612.09243643,36827404.03582136,85774016.1282578,0.5133749124322412,0.19241230107125604,0.21988330502439668,0.20718308197078777,0.1932580495600378
48700,"Williamsport, PA",Metropolitan Statistical Area,59860,113455,28197786.651881944,,37418295.27843778,28197786.651881944,65616081.93031973,0.5276100656648011,0.14335020441496643,0.1635592786436826,0.15421634560601719,0.1491276687785001
48900,"Wilmington, NC",Metropolitan Statistical Area,160375,294635,49945019.494707905,10380973.437893953,146044871.21686366,60325992.932601854,206370864.1494655,0.5443175454375753,0.29726824147926245,0.6187828061012577,0.4701421997132096,0.3872745202111267
49020,"Winchester, VA-WV",Metropolitan Statistical Area,76673,145452,17019754.559956033,8351382.364102056,58776136.86866448,25371136.924058087,84147273.79272257,0.5271360998817479,0.12909622376071764,0.2571476383793139,0.19794770776300305,0.19118520716733856
49180,"Winston-Salem, NC",Metropolitan Statistical Area,357871,683854,137427078.34281117,46112774.60050627,266275931.50555232,183539852.94331744,449815784.44886976,0.5233149180965527,0.9407270514676263,1.173472883363126,1.0658712833301331,0.8988722648173496
49340,"Worcester, MA-CT",Metropolitan Statistical Area,516778,984619,197190509.82110688,8339152.07592167,287896515.5899584,205529661.89702857,493426177.486987,0.5248507290637292,1.0503524956184314,1.2650417679513408,1.1657879638131337,1.29420418760758
49420,"Yakima, WA",Metropolitan Statistical Area,121291,258460,40573250.62496511,,50595343.488908604,40573250.62496511,91168594.11387372,0.4692834481157626,0.23190009985075333,0.2486449098748815,0.2409035538378219,0.33972532962400187
49620,"York-Hanover, PA",Metropolitan Statistical Area,241357,459382,106319108.54679178,,163666032.68324527,106319108.54679178,269985141.23003703,0.5253949871784267,0.5427774174856725,0.7184174809647065,0.6372166632902313,0.6038214863937679
49660,"Youngstown-Warren-Boardman, OH-PA",Metropolitan Statistical Area,282981,534551,131417936.47544771,40505877.05833036,160313952.44210207,171923813.53377807,332237765.97588015,0.5293807326148487,0.8710924987824593,0.6984051801414396,0.7782409032555869,0.7026252212173637
49700,"Yuba City, CA",Metropolitan Statistical Area,88464,182640,13308879.584100112,6395199.360116736,43451181.84203512,19704078.944216847,63155260.78625197,0.48436268068331145,0.10911434082467081,0.2068879424085759,0.16168586129831058,0.240065906533033
49740,"Yuma, AZ",Metropolitan Statistical Area,100329,206626,32649756.51760056,,40701270.846330404,32649756.51760056,73351027.36393097,0.48555844859794994,0.18035774654081038,0.1933172976753736,0.1873259188977958,0.2715936158743675
